TANGGAL,URAIAN,QRIS BNI,DBT_BANK_BPR_SOREANG,DBT_BANK_BJB,PIUTANG,KANTIN,PHOTOCOPY,OPERASIONAL PC,BINGKISAN,PEMBELIAN_B_POKOK,PEMBELIAN B SANDANG,PEMBAYARAN B POKOK,PEMBAYARAN RELASI B SANDANG,RETUR_PENJ_ B_ POKOK,RETUR_PENJ_B_SANDANG,BIAYA_KIRIM,BIAYA_TELP_ DAN_INTERNET,BIAYA_KEMASAN,BIAYA MATEREI,BIAYA RISIKO,BIAYA ATK,B IAYA OPERASIONAL,B TRANSPORTASI,B PENYUSUTAN AK TETAP,BIAYA ADM BANK,SETORAN JASA UPU,BIAYA LAIN-LAIN,VOUCHER,HUTANG TOKO,KREDIT_KAS,BULAN
2025-01-02,VOUCHER,QRIS BNI,0,0,0,0,0,0,0,0,0,0,0,0,0,0,0,0,0,0,0,0,0,0,0,0,0,750000,0,750000,JANUARI
2025-01-02,PT PANJUNAN PARFUM,,0,0,0,0,0,0,0,0,0,999000,0,0,0,0,0,0,0,0,0,0,0,0,0,0,0,0,0,999000,JANUARI
2025-01-02,TK KAMILAH,,0,0,0,0,0,0,0,577000,0,0,0,0,0,0,0,0,0,0,0,0,0,0,0,0,0,0,0,577000,JANUARI
2025-01-02,TK CEMERLANG,,0,0,0,0,0,0,0,577400,0,0,0,0,0,0,0,0,0,0,0,0,0,0,0,0,0,0,0,577400,JANUARI
2025-01-02,PT ULTRA JAYA,,0,0,0,0,0,0,0,136500,0,0,0,0,0,0,0,0,0,0,0,0,0,0,0,0,0,0,0,136500,JANUARI
2025-01-02,RELASI TONGKOL,,0,0,0,0,0,0,0,0,0,0,37000,0,0,0,0,0,0,0,0,0,0,0,0,0,0,0,0,37000,JANUARI
2025-01-02,VOUCHER,,0,0,0,0,0,0,0,0,0,0,0,0,0,0,0,0,0,0,0,0,0,0,0,0,0,350000,0,350000,JANUARI
2025-01-03,HM SAMPOERNA,,0,0,0,0,0,0,0,4307600,0,0,0,0,0,0,0,0,0,0,0,0,0,0,0,0,0,0,0,4307600,JANUARI
2025-01-03,SNS,,0,0,0,0,0,0,0,549600,0,0,0,0,0,0,0,0,0,0,0,0,0,0,0,0,0,0,0,549600,JANUARI
2025-01-03,PANJUNAN,,0,0,0,0,0,0,0,350800,0,0,0,0,0,0,0,0,0,0,0,0,0,0,0,0,0,0,0,350800,JANUARI
2025-01-03,VOUCHER,,0,0,0,0,0,0,0,0,0,0,0,0,0,0,0,0,0,0,0,0,0,0,0,0,0,250000,0,250000,JANUARI
2025-01-06,AQUA,,0,0,0,0,0,0,0,774400,0,0,0,0,0,0,0,0,0,0,0,0,0,0,0,0,0,0,0,774400,JANUARI
2025-01-06,TOKO 113,,0,0,0,0,0,0,0,1148250,0,0,0,0,0,0,0,0,0,0,0,0,0,0,0,0,0,0,0,1148250,JANUARI
2025-01-06,ERATEL,,0,0,0,0,0,0,0,1658600,0,0,0,0,0,0,0,0,0,0,0,0,0,0,0,0,0,0,0,1658600,JANUARI
2025-01-06,TLP,,0,0,0,0,0,0,0,0,0,0,0,0,0,0,39100,0,0,0,0,0,0,0,0,0,0,0,0,39100,JANUARI
2025-01-06,TUA SOREANG,,0,0,0,0,0,0,0,1494000,0,0,0,0,0,0,0,0,0,0,0,0,0,0,0,0,0,0,0,1494000,JANUARI
2025-01-06,SINAR BARU,,0,0,0,0,0,0,0,0,0,737100,0,0,0,0,0,0,0,0,0,0,0,0,0,0,0,0,0,737100,JANUARI
2025-01-06,SOSRO,,0,0,0,0,0,0,0,120000,0,0,0,0,0,0,0,0,0,0,0,0,0,0,0,0,0,0,0,120000,JANUARI
2025-01-06,NIAGA NUSA,,0,0,0,0,0,0,0,1488700,0,0,0,0,0,0,0,0,0,0,0,0,0,0,0,0,0,0,0,1488700,JANUARI
2025-01-07,VOUCHER,,0,0,0,0,0,0,0,0,0,0,0,0,0,0,0,0,0,0,0,0,0,0,0,0,0,500000,0,500000,JANUARI
2025-01-07,SURYA MEDISTA,,0,0,0,0,0,0,0,977900,0,0,0,0,0,0,0,0,0,0,0,0,0,0,0,0,0,0,0,977900,JANUARI
2025-01-07,PEMBELIAN BARANG,,0,0,0,0,0,0,0,396550,0,0,0,0,0,0,0,0,0,0,0,0,0,0,0,0,0,0,0,396550,JANUARI
2025-01-07,DAYTECH,,0,0,0,0,0,0,0,312900,0,0,0,0,0,0,0,0,0,0,0,0,0,0,0,0,0,0,0,312900,JANUARI
2025-01-07,MADINA,,0,0,0,0,0,0,0,0,0,0,60000,0,0,0,0,0,0,0,0,0,0,0,0,0,0,0,0,60000,JANUARI
2025-01-07,ERATEL,,0,0,0,0,0,0,0,87100,0,0,0,0,0,0,0,0,0,0,0,0,0,0,0,0,0,0,0,87100,JANUARI
2025-01-07,SINAR BARU,,0,0,0,0,0,0,0,0,0,623250,0,0,0,0,0,0,0,0,0,0,0,0,0,0,0,0,0,623250,JANUARI
2025-01-07,SPL,,0,0,0,0,0,0,0,0,0,347500,0,0,0,0,0,0,0,0,0,0,0,0,0,0,0,0,0,347500,JANUARI
2025-01-07,PANJUNAN,,0,0,0,0,0,0,0,0,0,134900,0,0,0,0,0,0,0,0,0,0,0,0,0,0,0,0,0,134900,JANUARI
2025-01-07,SANTOSA UTAMA,,0,0,0,0,0,0,0,0,0,705000,0,0,0,0,0,0,0,0,0,0,0,0,0,0,0,0,0,705000,JANUARI
2025-01-07,KEMASAN,,0,0,0,0,0,0,0,0,0,0,0,0,0,0,0,117000,0,0,0,0,0,0,0,0,0,0,0,117000,JANUARI
2025-01-08,JASA,,0,0,0,0,0,0,0,0,0,0,0,0,0,0,0,0,0,0,0,0,0,0,0,0,0,0,0,344500,JANUARI
2025-01-08,PERLENGKAPAN KANTOR,,0,0,0,0,0,0,0,0,0,0,0,0,0,0,0,0,0,0,0,0,0,0,0,20172000,0,0,0,20172000,JANUARI
2025-01-08,NIAGA NUSA,,0,0,0,0,0,0,0,0,0,1263500,0,0,0,0,0,0,0,0,0,0,0,0,0,0,0,0,0,1263500,JANUARI
2025-01-08,MADINA,,0,0,0,0,0,0,0,0,0,0,96000,0,0,0,0,0,0,0,0,0,0,0,0,0,0,0,0,96000,JANUARI
2025-01-08,RELASI EDRUS,,0,0,0,0,0,0,0,0,0,0,330000,0,0,0,0,0,0,0,0,0,0,0,0,0,0,0,0,330000,JANUARI
2025-01-08,PANJUNAN,,0,0,0,0,0,0,0,0,0,167000,0,0,0,0,0,0,0,0,0,0,0,0,0,0,0,0,0,167000,JANUARI
2025-01-08,PANJUNAN,,0,0,0,0,0,0,0,0,0,95900,0,0,0,0,0,0,0,0,0,0,0,0,0,0,0,0,0,95900,JANUARI
2025-01-08,CIGP,,0,0,0,0,0,0,0,0,0,1309400,0,0,0,0,0,0,0,0,0,0,0,0,0,0,0,0,0,1309400,JANUARI
2025-01-08,PEMBELIAN BARANG,,0,0,0,0,0,0,0,110000,0,0,0,0,0,0,0,0,0,0,0,0,0,0,0,0,0,0,0,110000,JANUARI
2025-01-08,VOUCHER,,0,0,0,0,0,0,0,0,0,0,0,0,0,0,0,0,0,0,0,0,0,0,0,0,0,600000,0,600000,JANUARI
2025-01-08,TK 113,,0,0,0,0,0,0,0,1934950,0,0,0,0,0,0,0,0,0,0,0,0,0,0,0,0,0,0,0,1934950,JANUARI
2025-01-08,SINAR MAS,,0,0,0,0,0,0,0,422400,0,0,0,0,0,0,0,0,0,0,0,0,0,0,0,0,0,0,0,422400,JANUARI
2025-01-08,HUTANG TOKO,,0,0,0,0,0,0,250414000,0,0,0,0,0,0,0,0,0,0,0,0,0,0,0,0,0,0,0,0,250414000,JANUARI
2025-01-08,HUTANG DAGANG,,0,0,0,0,0,0,0,0,0,431850,0,0,0,0,0,0,0,0,0,0,0,0,0,0,0,0,0,431850,JANUARI
2025-01-08,PEMBELIAN BARANG,,0,0,0,0,0,0,0,0,0,6017000,0,0,0,0,0,0,0,0,0,0,0,0,0,0,0,0,0,6017000,JANUARI
2025-01-09,Relasi,,0,0,0,0,0,0,0,0,0,239600,0,0,0,0,0,0,0,0,0,0,0,0,0,0,0,0,0,239600,JANUARI
2025-01-09,PEMBELIAN BARANG,,0,0,0,0,0,0,0,0,0,151300,0,0,0,0,0,0,0,0,0,0,0,0,0,0,0,0,0,151300,JANUARI
2025-01-09,HUTANG DAGANG,,0,0,0,0,0,0,0,0,0,0,684000,0,0,0,0,0,0,0,0,0,0,0,0,0,0,0,0,684000,JANUARI
2025-01-09,PEMBELIAN BARANG,,0,0,0,0,0,0,0,154200,0,0,0,0,0,0,0,0,0,0,0,0,0,0,0,0,0,0,0,154200,JANUARI
2025-01-09,HUTANG DAGANG,,0,0,0,0,0,0,0,1111500,0,0,0,0,0,0,0,0,0,0,0,0,0,0,0,0,0,0,0,1111500,JANUARI
2025-01-09,PEMBELIAN BARANG,,0,0,0,0,0,0,0,148000,0,0,0,0,0,0,0,0,0,0,0,0,0,0,0,0,0,0,0,148000,JANUARI
2025-01-09,BINGKISAN,,0,0,0,0,0,0,0,1638000,0,0,0,0,0,0,0,0,0,0,0,0,0,0,0,0,0,0,0,1638000,JANUARI
2025-01-09,BINGKISAN,,0,0,0,0,0,0,0,782700,0,0,0,0,0,0,0,0,0,0,0,0,0,0,0,0,0,0,0,782700,JANUARI
2025-01-09,PEMBELIAN BARANG,,0,0,0,0,0,0,0,2422000,0,0,0,0,0,0,0,0,0,0,0,0,0,0,0,0,0,0,0,2422000,JANUARI
2025-01-09,PEMBELIAN BARANG,,0,0,0,0,0,0,0,0,0,0,0,0,0,0,0,0,0,0,0,0,0,0,0,0,0,600000,0,600000,JANUARI
2025-01-10,KREDIT BARANG,,0,0,0,0,0,0,0,850000,0,0,0,0,0,0,0,0,0,0,0,0,0,0,0,0,0,0,0,850000,JANUARI
2025-01-10,VOUCHER,,0,0,0,0,0,0,0,198500,0,0,0,0,0,0,0,0,0,0,0,0,0,0,0,0,0,0,0,198500,JANUARI
2025-01-10,PEMBELIAN BARANG,,0,0,0,0,0,0,0,0,0,150250,0,0,0,0,0,0,0,0,0,0,0,0,0,0,0,0,0,150250,JANUARI
2025-01-10,HUTANG DAGANG,,0,0,0,0,0,0,0,0,0,601800,0,0,0,0,0,0,0,0,0,0,0,0,0,0,0,0,0,601800,JANUARI
2025-01-10,RELASI,,0,0,0,0,0,0,0,0,0,0,0,0,0,0,0,0,0,0,0,0,0,0,0,0,0,900000,0,900000,JANUARI
2025-01-13,listrik,,0,0,0,0,0,0,0,1156000,0,0,0,0,0,0,0,0,0,0,0,0,0,0,0,0,0,0,0,1156000,JANUARI
2025-01-13,HUTANG DAGANG,,0,0,0,0,0,0,0,3143500,0,0,0,0,0,0,0,0,0,0,0,0,0,0,0,0,0,0,0,3143500,JANUARI
2025-01-13,PEMBELIAN BARANG,,0,0,0,0,0,0,0,0,0,0,0,146500,0,0,0,0,0,0,0,0,0,0,0,0,0,0,0,146500,JANUARI
2025-01-13,PEMBELIAN BARANG,,0,0,0,0,0,0,0,1303600,0,0,0,0,0,0,0,0,0,0,0,0,0,0,0,0,0,0,0,1303600,JANUARI
2025-01-13,PEMBELIAN BARANG,,0,0,0,0,0,0,0,145500,0,0,0,0,0,0,0,0,0,0,0,0,0,0,0,0,0,0,0,145500,JANUARI
2025-01-13,PEMBELIAN BARANG,,0,0,0,0,0,0,0,68000,0,0,0,0,0,0,0,0,0,0,0,0,0,0,0,0,0,0,0,68000,JANUARI
2025-01-13,PEMBELIAN BARANG,,0,0,0,0,0,0,0,0,0,0,225000,0,0,0,0,0,0,0,0,0,0,0,0,0,0,0,0,225000,JANUARI
2025-01-13,PEMBELIAN BARANG,,0,0,0,0,0,0,0,0,0,0,84000,0,0,0,0,0,0,0,0,0,0,0,0,0,0,0,0,84000,JANUARI
2025-01-13,HUTANG DAGANG,,0,0,0,0,0,0,0,0,0,0,848000,0,0,0,0,0,0,0,0,0,0,0,0,0,0,0,0,848000,JANUARI
2025-01-13,HUTANG DAGANG,,0,0,0,0,0,0,0,0,0,0,145000,0,0,0,0,0,0,0,0,0,0,0,0,0,0,0,0,145000,JANUARI
2025-01-13,HUTANG DAGANG,,0,0,0,0,0,0,0,0,0,0,0,0,0,0,0,0,0,0,0,0,0,0,0,0,0,400000,0,400000,JANUARI
2025-01-13,KREDIT BARANG,,0,0,0,0,0,0,0,0,0,0,0,51500,0,0,0,0,0,0,0,0,0,0,0,0,0,0,0,51500,JANUARI
2025-01-14,VOUCHER,,0,0,0,0,0,0,0,364000,0,0,0,0,0,0,0,0,0,0,0,0,0,0,0,0,0,0,0,364000,JANUARI
2025-01-14,KREDIT BARANG,,0,0,0,0,0,0,0,0,0,341500,0,0,0,0,0,0,0,0,0,0,0,0,0,0,0,0,0,341500,JANUARI
2025-01-14,VOUCHER,,0,0,0,0,0,0,0,67000,0,0,0,0,0,0,0,0,0,0,0,0,0,0,0,0,0,0,0,67000,JANUARI
2025-01-14,PEMBELIAN BARANG,,0,0,0,0,0,0,0,4761000,0,0,0,0,0,0,0,0,0,0,0,0,0,0,0,0,0,0,0,4761000,JANUARI
2025-01-14,RELASI,,0,0,0,0,0,0,0,0,0,0,0,0,0,0,0,0,0,0,0,0,0,0,0,0,0,300000,0,300000,JANUARI
2025-01-14,HUTANG DAGANG,,0,0,0,0,0,0,0,1775000,0,0,0,0,0,0,0,0,0,0,0,0,0,0,0,0,0,0,0,1775000,JANUARI
2025-01-14,HUTANG DAGANG,,0,0,0,0,0,0,0,500000,0,0,0,0,0,0,0,0,0,0,0,0,0,0,0,0,0,0,0,500000,JANUARI
2025-01-14,KREDIT BARANG,,0,0,0,0,0,0,0,87120,0,0,0,0,0,0,0,0,0,0,0,0,0,0,0,0,0,0,0,87120,JANUARI
2025-01-15,VOUCHER,,0,0,0,0,0,0,0,200000,0,0,0,0,0,0,0,0,0,0,0,0,0,0,0,0,0,0,0,200000,JANUARI
2025-01-15,PEMBELIAN BARANG,,0,0,0,0,0,0,0,102000,0,0,0,0,0,0,0,0,0,0,0,0,0,0,0,0,0,0,0,102000,JANUARI
2025-01-15,HUTANG DAGANG,,0,0,0,0,0,0,0,0,0,0,73500,0,0,0,0,0,0,0,0,0,0,0,0,0,0,0,0,73500,JANUARI
2025-01-15,HUTANG DAGANG,,0,0,0,0,0,0,0,239720,0,0,0,0,0,0,0,0,0,0,0,0,0,0,0,0,0,0,0,239720,JANUARI
2025-01-15,relasi,,0,0,0,0,0,0,0,0,0,89000,0,0,0,0,0,0,0,0,0,0,0,0,0,0,0,0,0,89000,JANUARI
2025-01-15,PEMBELIAN BARANG,,0,0,0,0,0,0,0,0,0,0,0,0,0,0,0,0,0,0,0,0,0,0,0,0,0,250000,0,250000,JANUARI
2025-01-15,BINGKISAN,,0,0,0,0,0,0,0,1800000,0,0,0,0,0,0,0,0,0,0,0,0,0,0,0,0,0,0,0,1800000,JANUARI
2025-01-16,KREDIT BARANG,,0,0,0,0,0,0,0,2701000,0,0,0,0,0,0,0,0,0,0,0,0,0,0,0,0,0,0,0,2701000,JANUARI
2025-01-16,VOUCHER,,0,0,0,0,0,0,0,777000,0,0,0,0,0,0,0,0,0,0,0,0,0,0,0,0,0,0,0,777000,JANUARI
2025-01-16,PEMBELIAN BARANG,,0,0,0,0,0,0,0,1600000,0,0,0,0,0,0,0,0,0,0,0,0,0,0,0,0,0,0,0,1600000,JANUARI
2025-01-16,PEMBELIAN BARANG,,0,0,0,0,0,0,0,396000,0,0,0,0,0,0,0,0,0,0,0,0,0,0,0,0,0,0,0,396000,JANUARI
2025-01-16,HUTANG DAGANG,,0,0,0,0,0,0,0,592500,0,0,0,0,0,0,0,0,0,0,0,0,0,0,0,0,0,0,0,592500,JANUARI
2025-01-16,HUTANG DAGANG,,0,0,0,0,0,0,0,247200,0,0,0,0,0,0,0,0,0,0,0,0,0,0,0,0,0,0,0,247200,JANUARI
2025-01-16,PEMBELIAN BARANG,,0,0,0,0,0,0,0,207200,0,0,0,0,0,0,0,0,0,0,0,0,0,0,0,0,0,0,0,207200,JANUARI
2025-01-16,PEMBELIAN BARANG,,0,0,0,0,0,0,0,132000,0,0,0,0,0,0,0,0,0,0,0,0,0,0,0,0,0,0,0,132000,JANUARI
2025-01-16,HUTANG DAGANG,,0,0,0,0,0,0,0,370000,0,0,0,0,0,0,0,0,0,0,0,0,0,0,0,0,0,0,0,370000,JANUARI
2025-01-16,HUTANG DAGANG,,0,0,0,0,0,0,0,0,0,215227,0,0,0,0,0,0,0,0,0,0,0,0,0,0,0,0,0,215227,JANUARI
2025-01-16,KREDIT BARANG,,0,0,0,0,0,0,0,0,0,402666,0,0,0,0,0,0,0,0,0,0,0,0,0,0,0,0,0,402666,JANUARI
2025-01-16,VOUCHER,,0,0,0,0,0,0,0,0,0,0,0,0,0,0,0,0,0,0,0,0,0,0,0,0,0,800000,0,800000,JANUARI
2025-01-16,HUTANG DAGANG,,0,0,0,0,0,0,0,1176000,0,0,0,0,0,0,0,0,0,0,0,0,0,0,0,0,0,0,0,1176000,JANUARI
2025-01-16,RELASI,,0,0,0,0,0,0,0,0,0,2814450,0,0,0,0,0,0,0,0,0,0,0,0,0,0,0,0,0,2814450,JANUARI
2025-01-17,PEMBELIAN BARANG,,0,0,0,0,0,0,0,0,0,0,0,0,0,0,0,0,0,0,0,0,0,0,0,0,0,650000,0,650000,JANUARI
2025-01-17,RELASI,,0,0,0,0,0,0,0,560000,0,0,0,0,0,0,0,0,0,0,0,0,0,0,0,0,0,0,0,560000,JANUARI
2025-01-17,BINGKISAN,,0,0,0,0,0,0,0,0,0,0,210000,0,0,0,0,0,0,0,0,0,0,0,0,0,0,0,0,210000,JANUARI
2025-01-17,BINGKISAN,,0,0,0,0,0,0,0,1406500,0,0,0,0,0,0,0,0,0,0,0,0,0,0,0,0,0,0,0,1406500,JANUARI
2025-01-17,bingkisan,,0,0,0,0,0,0,0,487300,0,0,0,0,0,0,0,0,0,0,0,0,0,0,0,0,0,0,0,487300,JANUARI
2025-01-17,VOUCHER,,0,0,0,0,0,0,0,0,0,468000,0,0,0,0,0,0,0,0,0,0,0,0,0,0,0,0,0,468000,JANUARI
2025-01-17,,,0,0,0,0,0,0,0,855100,0,0,0,0,0,0,0,0,0,0,0,0,0,0,0,0,0,0,0,855100,JANUARI
2025-01-20,AQUA,,0,0,0,0,0,0,0,2928750,0,0,0,0,0,0,0,0,0,0,0,0,0,0,0,0,0,0,0,2928750,JANUARI
2025-01-20,ESSE,,0,0,0,0,0,0,0,48500,0,0,0,0,0,0,0,0,0,0,0,0,0,0,0,0,0,0,0,48500,JANUARI
2025-01-20,ATK,,0,0,0,0,0,0,0,2087500,0,0,0,0,0,0,0,0,0,0,0,0,0,0,0,0,0,0,0,2087500,JANUARI
2025-01-20,FASTRA TAN,,0,0,0,0,0,0,0,0,0,151000,0,0,0,0,0,0,0,0,0,0,0,0,0,0,0,0,0,151000,JANUARI
2025-01-20,sumber cipta,,0,0,0,0,0,0,0,0,0,74500,0,0,0,0,0,0,0,0,0,0,0,0,0,0,0,0,0,74500,JANUARI
2025-01-20,ghonuhsa,,0,0,0,0,0,0,0,1168500,0,0,0,0,0,0,0,0,0,0,0,0,0,0,0,0,0,0,0,1168500,JANUARI
2025-01-20,ghonuhsa,,0,0,0,0,0,0,0,0,0,0,0,0,0,0,0,0,0,0,0,0,0,0,0,0,0,150000,0,150000,JANUARI
2025-01-20,PT AKUR PRATAMA,,0,0,0,0,0,0,0,0,0,5717000,0,0,0,0,0,0,0,0,0,0,0,0,0,0,0,0,0,5717000,JANUARI
2025-01-21,MARGIN BINGKISAN,,0,0,0,0,0,0,0,1560000,0,0,0,0,0,0,0,0,0,0,0,0,0,0,0,0,0,0,0,1560000,JANUARI
2025-01-21,KREDIT BARANG,,0,0,0,0,0,0,0,360800,0,0,0,0,0,0,0,0,0,0,0,0,0,0,0,0,0,0,0,360800,JANUARI
2025-01-21,VOUCHER,,0,0,0,0,0,0,0,710000,0,0,0,0,0,0,0,0,0,0,0,0,0,0,0,0,0,0,0,710000,JANUARI
2025-01-21,KREDIT BARANG,,0,0,0,0,0,0,0,87120,0,0,0,0,0,0,0,0,0,0,0,0,0,0,0,0,0,0,0,87120,JANUARI
2025-01-21,pengembalian bon,,0,0,0,0,0,0,0,0,0,0,0,0,0,0,0,0,0,0,0,0,0,0,0,0,0,450000,0,450000,JANUARI
2025-01-22,tk kamilah,,0,0,0,0,0,0,0,1458000,0,0,0,0,0,0,0,0,0,0,0,0,0,0,0,0,0,0,0,1458000,JANUARI
2025-01-22,gulaku,,0,0,0,0,0,0,0,2170200,0,0,0,0,0,0,0,0,0,0,0,0,0,0,0,0,0,0,0,2170200,JANUARI
2025-01-22,sosro,,0,0,0,0,0,0,0,106800,0,0,0,0,0,0,0,0,0,0,0,0,0,0,0,0,0,0,0,106800,JANUARI
2025-01-22,sinar baru,,0,0,0,0,0,0,0,221100,0,0,0,0,0,0,0,0,0,0,0,0,0,0,0,0,0,0,0,221100,JANUARI
2025-01-22,merchandise,,0,0,0,0,0,0,0,0,0,0,0,0,0,0,0,0,0,0,0,0,0,0,0,0,0,450000,0,450000,JANUARI
2025-01-22,mr lemon,,0,0,0,0,0,0,0,408000,0,0,0,0,0,0,0,0,0,0,0,0,0,0,0,0,0,0,0,408000,JANUARI
2025-01-22,kkemasan,,0,0,0,0,0,0,0,64600,0,0,0,0,0,0,0,0,0,0,0,0,0,0,0,0,0,0,0,64600,JANUARI
2025-01-22,PEMBELIAN BARANG,,0,0,0,0,0,0,0,0,0,0,0,0,0,24000,0,0,0,0,0,0,0,0,0,0,0,0,0,24000,JANUARI
2025-01-23,PEMBELIAN BARANG,,0,0,0,0,0,0,0,0,0,0,0,0,0,0,0,0,0,0,0,0,0,0,0,0,0,550000,0,550000,JANUARI
2025-01-23,PEMBELIAN BARANG,,0,0,0,0,0,0,0,180000,0,0,0,0,0,0,0,0,0,0,0,0,0,0,0,0,0,0,0,180000,JANUARI
2025-01-23,PEMBELIAN BARANG,,0,0,0,0,0,0,11333655,0,0,0,0,0,0,0,0,0,0,0,0,0,0,0,0,0,0,0,0,11333655,JANUARI
2025-01-24,PEMBELIAN BARANG,,0,0,0,0,0,0,0,699000,0,0,0,0,0,0,0,0,0,0,0,0,0,0,0,0,0,0,0,699000,JANUARI
2025-01-24,PEMBELIAN BARANG,,0,0,0,0,0,0,0,204000,0,0,0,0,0,0,0,0,0,0,0,0,0,0,0,0,0,0,0,204000,JANUARI
2025-01-24,PEMBELIAN BARANG,,0,0,0,0,0,0,0,662000,0,0,0,0,0,0,0,0,0,0,0,0,0,0,0,0,0,0,0,662000,JANUARI
2025-01-24,PEMBELIAN BARANG,,0,0,0,0,0,0,0,834000,0,0,0,0,0,0,0,0,0,0,0,0,0,0,0,0,0,0,0,834000,JANUARI
2025-01-24,PEMBELIAN BARANG,,0,0,0,0,0,0,0,0,0,0,234000,0,0,0,0,0,0,0,0,0,0,0,0,0,0,0,0,234000,JANUARI
2025-01-24,PEMBELIAN BARANG,,0,0,0,0,0,0,0,0,0,0,540000,0,0,0,0,0,0,0,0,0,0,0,0,0,0,0,0,540000,JANUARI
2025-01-24,PEMBELIAN BARANG,,0,0,0,0,0,0,0,336000,0,0,0,0,0,0,0,0,0,0,0,0,0,0,0,0,0,0,0,336000,JANUARI
2025-01-24,PEMBELIAN BARANG,,0,0,0,0,0,0,0,0,0,198600,0,0,0,0,0,0,0,0,0,0,0,0,0,0,0,0,0,198600,JANUARI
2025-01-24,PEMBELIAN BARANG,,0,0,0,0,0,0,0,0,0,378600,0,0,0,0,0,0,0,0,0,0,0,0,0,0,0,0,0,378600,JANUARI
2025-01-24,PEMBELIAN BARANG,,0,0,0,0,0,0,0,0,0,0,0,0,0,0,0,0,0,0,0,0,0,0,0,0,0,600000,0,600000,JANUARI
2025-01-24,PEMBELIAN BARANG,,0,0,0,0,0,0,11333655,3930500,0,0,0,0,0,0,0,0,0,0,0,0,0,0,0,0,0,0,0,15264155,JANUARI
2025-01-30,KREDIT BARANG,,0,0,0,0,0,0,0,0,0,0,0,291500,0,0,0,0,0,0,0,0,0,0,0,0,0,0,0,291500,JANUARI
2025-01-30,VOUCHER,,0,0,0,0,0,0,0,833000,0,0,0,0,0,0,0,0,0,0,0,0,0,0,0,0,0,0,0,833000,JANUARI
2025-01-30,KREDIT BARANG,,0,0,0,0,0,0,0,0,0,158000,0,0,0,0,0,0,0,0,0,0,0,0,0,0,0,0,0,158000,JANUARI
2025-01-30,VOUCHER,,0,0,0,0,0,0,0,0,0,492000,0,0,0,0,0,0,0,0,0,0,0,0,0,0,0,0,0,492000,JANUARI
2025-01-30,PEMBELIAN BARANG,,0,0,0,0,0,0,0,1638000,0,0,0,0,0,0,0,0,0,0,0,0,0,0,0,0,0,0,0,1638000,JANUARI
2025-01-30,PEMBELIAN BARANG,,0,0,0,0,0,0,0,106750,0,0,0,0,0,0,0,0,0,0,0,0,0,0,0,0,0,0,0,106750,JANUARI
2025-01-30,PEMBELIAN BARANG,,0,0,0,0,0,0,0,712500,0,0,0,0,0,0,0,0,0,0,0,0,0,0,0,0,0,0,0,712500,JANUARI
2025-01-30,PEMBELIAN BARANG,,0,0,0,0,0,0,0,0,0,0,180000,0,0,0,0,0,0,0,0,0,0,0,0,0,0,0,0,180000,JANUARI
2025-01-30,PEMBELIAN BARANG,,0,0,0,0,0,0,0,0,0,0,612000,0,0,0,0,0,0,0,0,0,0,0,0,0,0,0,0,612000,JANUARI
2025-01-30,PEMBELIAN BARANG,,0,0,0,0,0,0,0,932500,0,0,0,0,0,0,0,0,0,0,0,0,0,0,0,0,0,0,0,932500,JANUARI
2025-01-30,PEMBELIAN BARANG,,0,0,0,0,0,0,0,0,0,0,0,0,0,0,0,0,0,0,0,0,0,0,0,0,0,300000,0,300000,JANUARI
2025-01-30,PEMBELIAN BARANG,,0,0,0,0,0,0,0,0,0,0,522000,0,0,0,0,0,0,0,0,0,0,0,0,0,0,0,0,522000,JANUARI
2025-01-30,PEMBELIAN BARANG,,0,0,0,0,0,0,0,1653000,0,0,0,0,0,0,0,0,0,0,0,0,0,0,0,0,0,0,0,1653000,JANUARI
2025-01-30,KREDIT BARANG,,0,0,0,0,0,0,0,208800,0,0,0,0,0,0,0,0,0,0,0,0,0,0,0,0,0,0,0,208800,JANUARI
2025-01-31,VOUCHER,,0,0,0,0,0,0,0,0,0,0,84000,0,0,0,0,0,0,0,0,0,0,0,0,0,0,0,0,84000,JANUARI
2025-01-31,KREDIT BARANG,,0,0,0,0,0,0,0,0,0,0,0,0,0,0,0,0,0,0,0,0,0,0,0,0,0,300000,0,300000,JANUARI
2025-01-31,PEMBELIAN BARANG,,0,0,0,0,0,0,0,530000,0,0,0,0,0,0,0,0,0,0,0,0,0,0,0,0,0,0,0,530000,JANUARI
2025-01-31,PEMBELIAN BARANG,,0,0,0,0,0,0,0,556000,0,0,0,0,0,0,0,0,0,0,0,0,0,0,0,0,0,0,0,556000,JANUARI
2025-01-31,PEMBELIAN BARANG,,0,0,0,0,0,0,0,0,0,0,158000,0,0,0,0,0,0,0,0,0,0,0,0,0,0,0,0,158000,JANUARI
2025-01-31,PEMBELIAN BARANG,,0,0,0,0,0,0,0,310000,0,0,0,0,0,0,0,0,0,0,0,0,0,0,0,0,0,0,0,310000,JANUARI
2025-01-31,KREDIT BARANG,,0,0,0,0,0,0,0,1310000,0,0,0,0,0,0,0,0,0,0,0,0,0,0,0,0,0,0,0,1310000,JANUARI
2025-01-31,perlengkapan pengepakan,,0,0,0,0,0,0,0,0,0,0,0,0,0,0,0,0,0,0,0,300000,0,0,0,0,0,0,0,300000,JANUARI
2025-02-03,PEMBELIAN BARANG,,0,0,0,0,0,0,0,0,0,0,0,0,0,0,0,0,0,0,0,0,0,0,0,0,0,700000,0,700000,FEBRUARI
2025-02-04,VOUCHER,,0,0,0,0,0,0,0,0,0,0,0,0,0,0,0,0,0,0,0,0,0,0,0,0,0,450000,0,450000,FEBRUARI
2025-02-04,JASA,,0,0,0,0,0,0,0,0,0,0,0,0,0,0,0,0,0,0,0,0,0,0,0,3500000,0,0,0,3500000,FEBRUARI
2025-02-04,JASA,,0,0,0,0,357000,0,0,0,0,0,0,0,0,0,0,0,0,0,0,0,0,0,0,0,0,0,0,357000,FEBRUARI
2025-02-04,JASA,,0,0,0,935000,0,0,0,0,0,0,0,0,0,0,0,0,0,0,0,0,0,0,0,0,0,0,0,935000,FEBRUARI
2025-02-05,PEMBELIAN BARANG,,0,0,0,0,0,0,0,0,0,3096000,0,0,0,0,0,0,0,0,0,0,0,0,0,0,0,0,0,3096000,FEBRUARI
2025-02-05,VOUCHER,,0,0,0,0,0,0,0,0,0,0,0,0,0,0,0,0,0,0,0,0,0,0,0,0,0,350000,0,350000,FEBRUARI
2025-02-06,VOUCHER,,0,0,0,0,0,0,0,0,0,0,0,0,0,0,0,0,0,0,0,0,0,0,0,0,0,450000,0,450000,FEBRUARI
2025-02-07,VOUCHER,,0,0,0,0,0,0,0,0,0,0,0,0,0,0,0,0,0,0,0,0,0,0,0,0,0,600000,0,600000,FEBRUARI
2025-02-10,VOUCHER,,0,0,0,0,0,0,0,0,0,0,0,0,0,0,0,0,0,0,0,0,0,0,0,0,0,450000,0,450000,FEBRUARI
2025-02-10,PEMBELIAN BARANG,,0,0,0,0,0,0,0,525000,0,0,0,0,0,0,0,0,0,0,0,0,0,0,0,0,0,0,0,525000,FEBRUARI
2025-02-11,VOUCHER,,0,0,0,0,0,0,0,1750000,0,0,0,0,0,0,0,0,0,0,0,0,0,0,0,0,0,0,0,1750000,FEBRUARI
2025-02-11,PEMBELIAN BARANG,,0,0,0,0,0,0,0,0,0,968000,0,0,0,0,0,0,0,0,0,0,0,0,0,0,0,0,0,968000,FEBRUARI
2025-02-11,PEMBELIAN BARANG,,0,0,0,0,0,0,0,0,0,947502,0,0,0,0,0,0,0,0,0,0,0,0,0,0,0,0,0,947502,FEBRUARI
2025-02-11,PEMBELIAN BARANG,,0,0,0,0,0,0,0,103720,0,0,0,0,0,0,0,0,0,0,0,0,0,0,0,0,0,0,0,103720,FEBRUARI
2025-02-11,PEMBELIAN BARANG,,0,0,0,0,0,0,0,382351,0,0,0,0,0,0,0,0,0,0,0,0,0,0,0,0,0,0,0,382351,FEBRUARI
2025-02-12,VOUCHER,,0,0,0,0,0,0,0,0,0,0,0,0,0,0,0,0,0,0,0,0,0,0,0,0,0,650000,0,650000,FEBRUARI
2025-02-14,VOUCHER,,0,0,0,0,0,0,0,0,0,0,0,0,0,0,0,0,0,0,0,0,0,0,0,0,0,550000,0,550000,FEBRUARI
2025-02-17,VOUCHER,,0,0,0,0,0,0,0,0,0,0,0,0,0,0,0,0,0,0,0,0,0,0,0,0,0,200000,0,200000,FEBRUARI
2025-02-18,VOUCHER,,0,0,0,0,0,0,0,0,0,0,0,0,0,0,0,0,0,0,0,0,0,0,0,0,0,300000,0,300000,FEBRUARI
2025-02-19,VOUCHER,,0,0,0,0,0,0,0,0,0,0,0,0,0,0,0,0,0,0,0,0,0,0,0,0,0,225000,0,225000,FEBRUARI
2025-02-20,VOUCHER,,0,0,0,0,0,0,0,0,0,0,0,0,0,0,0,0,0,0,0,0,0,0,0,0,0,600000,0,600000,FEBRUARI
2025-02-07,PEMBELIAN BARANG,,0,0,0,0,0,0,0,3600800,0,0,0,0,0,0,0,0,0,0,0,0,0,0,0,0,0,0,0,3600800,FEBRUARI
2025-02-07,KREDIT BARANG,,0,0,0,0,0,0,0,0,0,1265500,0,0,0,0,0,0,0,0,0,0,0,0,0,0,0,0,0,1265500,FEBRUARI
2025-02-07,VOUCHER,,0,0,0,0,0,0,0,0,0,0,120000,0,0,0,0,0,0,0,0,0,0,0,0,0,0,0,0,120000,FEBRUARI
2025-02-07,PEMBELIAN BARANG,,0,0,0,0,0,0,0,100000,0,0,0,0,0,0,0,0,0,0,0,0,0,0,0,0,0,0,0,100000,FEBRUARI
2025-02-07,PEMBELIAN BARANG,,0,0,0,0,0,0,0,0,0,289800,0,0,0,0,0,0,0,0,0,0,0,0,0,0,0,0,0,289800,FEBRUARI
2025-02-07,operasional,,0,0,0,0,0,0,0,0,0,273000,0,0,0,0,0,0,0,0,0,0,0,0,0,0,0,0,0,273000,FEBRUARI
2025-02-07,PERLENGKAPAN KANTOR,,0,0,0,0,0,0,0,164400,0,0,0,0,0,0,0,0,0,0,0,0,0,0,0,0,0,0,0,164400,FEBRUARI
2025-02-07,bingkisan,,0,0,0,0,0,0,0,0,0,167000,0,0,0,0,0,0,0,0,0,0,0,0,0,0,0,0,0,167000,FEBRUARI
2025-02-07,jasa,,0,0,0,0,0,0,0,0,0,356500,0,0,0,0,0,0,0,0,0,0,0,0,0,0,0,0,0,356500,FEBRUARI
2025-02-07,PEMBELIAN BARANG,,0,0,0,0,0,0,0,2286000,0,0,0,0,0,0,0,0,0,0,0,0,0,0,0,0,0,0,0,2286000,FEBRUARI
2025-02-07,PEMBELIAN BARANG,,0,0,0,0,0,0,0,0,0,143600,0,0,0,0,0,0,0,0,0,0,0,0,0,0,0,0,0,143600,FEBRUARI
2025-02-07,PEMBELIAN BARANG,,0,0,0,0,0,0,0,1361000,0,0,0,0,0,0,0,0,0,0,0,0,0,0,0,0,0,0,0,1361000,FEBRUARI
2025-02-07,KREDIT BARANG,,0,0,0,0,0,0,0,922000,0,0,0,0,0,0,0,0,0,0,0,0,0,0,0,0,0,0,0,922000,FEBRUARI
2025-02-07,VOUCHER,,0,0,0,0,0,0,0,740000,0,0,0,0,0,0,0,0,0,0,0,0,0,0,0,0,0,0,0,740000,FEBRUARI
2025-02-07,PEMBELIAN BARANG,,0,0,0,0,0,0,0,0,0,0,444000,0,0,0,0,0,0,0,0,0,0,0,0,0,0,0,0,444000,FEBRUARI
2025-02-07,PEMBELIAN BARANG,,0,0,0,0,0,0,0,0,0,168000,0,0,0,0,0,0,0,0,0,0,0,0,0,0,0,0,0,168000,FEBRUARI
2025-02-07,PEMBELIAN BARANG,,0,0,0,0,0,0,0,0,0,403300,0,0,0,0,0,0,0,0,0,0,0,0,0,0,0,0,0,403300,FEBRUARI
2025-02-07,PEMBELIAN BARANG,,0,0,0,0,0,0,0,408000,0,0,0,0,0,0,0,0,0,0,0,0,0,0,0,0,0,0,0,408000,FEBRUARI
2025-02-07,PEMBELIAN BARANG,,0,0,0,0,0,0,0,0,0,0,0,0,0,0,0,126000,0,0,0,0,0,0,0,0,0,0,0,126000,FEBRUARI
2025-02-07,PEMBELIAN BARANG,,0,0,0,0,0,0,0,0,0,0,0,0,0,0,39200,0,0,0,0,0,0,0,0,0,0,0,0,86700,FEBRUARI
2025-02-07,,,0,0,0,0,0,0,0,3904500,0,0,0,0,0,0,0,0,0,0,0,0,0,0,0,0,0,0,0,3904500,FEBRUARI
2025-02-07,,,0,0,0,0,0,0,0,1310000,0,0,0,0,0,0,0,0,0,0,0,0,0,0,0,0,0,0,0,1310000,FEBRUARI
2025-02-07,PEMBELIAN BARANG,,0,0,0,0,0,0,0,0,0,212000,0,0,0,0,0,0,0,0,0,0,0,0,0,0,0,0,0,212000,FEBRUARI
2025-02-07,,,0,0,0,0,0,0,0,0,0,422000,0,0,0,0,0,0,0,0,0,0,0,0,0,0,0,0,0,422000,FEBRUARI
2025-02-07,BON TOKO,,0,0,0,0,0,0,0,0,0,568000,0,0,0,0,0,0,0,0,0,0,0,0,0,0,0,0,0,568000,FEBRUARI
2025-02-07,PEMBELIAN BARANG,,0,0,0,0,0,0,0,0,0,0,120000,0,0,0,0,0,0,0,0,0,0,0,0,0,0,0,0,120000,FEBRUARI
2025-02-07,PEMBELIAN BARANG,,0,0,0,0,0,0,0,0,0,350200,0,0,0,0,0,0,0,0,0,0,0,0,0,0,0,0,0,350200,FEBRUARI
2025-02-07,PEMBELIAN BARANG,,0,0,0,0,0,0,0,235000,0,0,0,0,0,0,0,0,0,0,0,0,0,0,0,0,0,0,0,235000,FEBRUARI
2025-02-07,PEMBELIAN BARANG,,0,0,0,0,0,0,0,455600,0,0,0,0,0,0,0,0,0,0,0,0,0,0,0,0,0,0,0,455600,FEBRUARI
2025-02-07,PEMBELIAN BARANG,,0,0,0,0,0,0,0,1404000,0,0,0,0,0,0,0,0,0,0,0,0,0,0,0,0,0,0,0,1404000,FEBRUARI
2025-02-07,PEMBELIAN BARANG,,0,0,0,0,0,0,0,1381600,0,0,0,0,0,0,0,0,0,0,0,0,0,0,0,0,0,0,0,1381600,FEBRUARI
2025-02-07,KREDIT BARANG,,0,0,0,0,0,0,0,0,0,1036400,0,0,0,0,0,0,0,0,0,0,0,0,0,0,0,0,0,1036400,FEBRUARI
2025-02-07,VOCHER,,0,0,0,0,0,0,0,3743000,0,0,0,0,0,0,0,0,0,0,0,0,0,0,0,0,0,0,0,3743000,FEBRUARI
2025-02-07,PEMBELIAN BARANG,,0,0,0,0,0,0,0,48500,0,0,0,0,0,0,0,0,0,0,0,0,0,0,0,0,0,0,0,48500,FEBRUARI
2025-02-07,PEMBELIAN BARANG,,0,0,0,0,0,0,0,0,0,0,576000,0,0,0,0,0,0,0,0,0,0,0,0,0,0,0,0,576000,FEBRUARI
2025-02-10,PEMBELIAN BARANG,,0,0,0,0,0,0,0,0,0,235000,0,0,0,0,0,0,0,0,0,0,0,0,0,0,0,0,0,235000,FEBRUARI
2025-02-10,PEMBELIAN BARANG,,0,0,0,0,0,0,0,0,0,0,78000,0,0,0,0,0,0,0,0,0,0,0,0,0,0,0,0,78000,FEBRUARI
2025-02-10,PEMBELIAN BARANG,,0,0,0,0,0,0,0,0,0,0,306000,0,0,0,0,0,0,0,0,0,0,0,0,0,0,0,0,306000,FEBRUARI
2025-02-10,PEMBELIAN BARANG,,0,0,0,0,0,0,0,0,0,484850,0,0,0,0,0,0,0,0,0,0,0,0,0,0,0,0,0,484850,FEBRUARI
2025-02-10,KREDIT BARANG,,0,0,0,0,0,0,0,0,0,0,1008000,0,0,0,0,0,0,0,0,0,0,0,0,0,0,0,0,1008000,FEBRUARI
2025-02-10,VOUCHER,,0,0,0,0,0,0,0,0,0,672000,0,0,0,0,0,0,0,0,0,0,0,0,0,0,0,0,0,672000,FEBRUARI
2025-02-11,BIAYA LISTRIK,,0,0,0,0,0,0,0,269000,0,0,0,0,0,0,0,0,0,0,0,0,0,0,0,0,0,0,0,269000,FEBRUARI
2025-02-11,BIAYA TLP,,0,0,0,0,0,0,0,0,0,425000,0,0,0,0,0,0,0,0,0,0,0,0,0,0,0,0,0,425000,FEBRUARI
2025-02-11,PEMBELIAN BARANG,,0,0,0,0,0,0,0,0,0,1338600,0,0,0,0,0,0,0,0,0,0,0,0,0,0,0,0,0,1338600,FEBRUARI
2025-02-11,PEMBELIAN BARANG,,0,0,0,0,0,0,0,0,0,1784400,0,0,0,0,0,0,0,0,0,0,0,0,0,0,0,0,0,1784400,FEBRUARI
2025-02-11,PEMBELIAN BARANG,,0,0,0,0,0,0,0,0,0,0,90000,0,0,0,0,0,0,0,0,0,0,0,0,0,0,0,0,90000,FEBRUARI
2025-02-11,PEMBELIAN BARANG,,0,0,0,0,0,0,0,1145000,0,0,0,0,0,0,0,0,0,0,0,0,0,0,0,0,0,0,0,1145000,FEBRUARI
2025-02-11,PEMBELIAN BARANG,,0,0,0,0,0,0,0,0,0,0,225000,0,0,0,0,0,0,0,0,0,0,0,0,0,0,0,0,225000,FEBRUARI
2025-02-11,PEMBELIAN BARANG,,0,0,0,0,0,0,2000000,0,0,0,0,0,0,0,0,0,0,0,0,0,0,0,0,0,0,750000,0,2750000,FEBRUARI
2025-02-11,PEMBELIAN BARANG,,0,0,0,0,0,0,0,0,0,1045000,0,0,0,0,0,0,0,0,0,0,0,0,0,0,0,0,0,1045000,FEBRUARI
2025-02-11,PEMBELIAN BARANG,,0,0,0,0,0,0,0,0,0,175600,0,0,0,0,0,0,0,0,0,0,0,0,0,0,0,0,0,175600,FEBRUARI
2025-02-12,PEMBELIAN BARANG,,0,0,0,0,0,0,0,0,0,0,0,617500,0,0,0,0,0,0,0,0,0,0,0,0,0,0,0,617500,FEBRUARI
2025-02-12,PEMBELIAN BARANG,,0,0,0,0,0,0,0,1168600,0,0,0,0,0,0,0,0,0,0,0,0,0,0,0,0,0,0,0,1168600,FEBRUARI
2025-02-12,PEMBELIAN BARANG,,0,0,0,0,0,0,0,145500,0,0,0,0,0,0,0,0,0,0,0,0,0,0,0,0,0,0,0,145500,FEBRUARI
2025-02-12,PEMBELIAN BARANG,,0,0,0,0,0,0,0,1674000,0,0,0,0,0,0,0,0,0,0,0,0,0,0,0,0,0,0,0,1674000,FEBRUARI
2025-02-12,PEMBELIAN BARANG,,0,0,0,0,0,0,0,210300,0,0,0,0,0,0,0,0,0,0,0,0,0,0,0,0,0,0,0,210300,FEBRUARI
2025-02-12,PEMBELIAN BARANG,,0,0,0,0,0,0,0,120000,0,0,0,0,0,0,0,0,0,0,0,0,0,0,0,0,0,0,0,120000,FEBRUARI
2025-02-12,PEMBELIAN BARANG,,0,0,0,0,0,0,0,1500000,0,0,0,0,0,0,0,0,0,0,0,0,0,0,0,0,0,0,0,1500000,FEBRUARI
2025-02-12,PEMBELIAN BARANG,,0,0,0,0,0,0,0,362500,0,0,0,0,0,0,0,0,0,0,0,0,0,0,0,0,0,0,0,362500,FEBRUARI
2025-02-12,PEMBELIAN BARANG,,0,0,0,0,0,0,0,0,0,210320,0,0,0,0,0,0,0,0,0,0,0,0,0,0,0,0,0,210320,FEBRUARI
2025-02-12,PEMBELIAN BARANG,,0,0,0,0,0,0,0,0,0,1504900,0,0,0,0,0,0,0,0,0,0,0,0,0,0,0,0,0,1504900,FEBRUARI
2025-02-14,PEMBELIAN BARANG,,0,0,0,0,0,0,0,2164000,0,0,0,0,0,0,0,0,0,0,0,0,0,0,0,0,0,0,0,2164000,FEBRUARI
2025-02-14,biaya pengepakan,,0,0,0,0,0,0,0,0,0,0,0,0,0,0,0,0,0,0,0,0,0,0,0,0,0,750000,0,750000,FEBRUARI
2025-02-14,VOUCHER,,0,0,0,0,0,0,0,0,0,0,0,0,0,0,0,0,0,0,0,0,0,0,0,0,0,500000,0,500000,FEBRUARI
2025-02-14,PEMBELIAN BARANG,,0,0,0,0,0,0,0,408000,0,0,0,0,0,0,0,0,0,0,0,0,0,0,0,0,0,0,0,408000,FEBRUARI
2025-02-14,PEMBELIAN BARANG,,0,0,0,0,0,0,0,68000,0,0,0,0,0,0,0,0,0,0,0,0,0,0,0,0,0,0,0,68000,FEBRUARI
2025-02-14,PEMBELIAN BARANG,,0,0,0,0,0,0,0,0,0,0,0,0,0,0,0,0,0,0,0,0,0,0,0,0,0,400000,0,400000,FEBRUARI
2025-02-17,PEMBELIAN BARANG,,0,0,0,0,0,0,0,1357000,0,0,0,0,0,0,0,0,0,0,0,0,0,0,0,0,0,0,0,1357000,FEBRUARI
2025-02-17,PEMBELIAN BARANG,,0,0,0,0,0,0,0,0,0,981500,0,0,0,0,0,0,0,0,0,0,0,0,0,0,0,0,0,981500,FEBRUARI
2025-02-17,PEMBELIAN BARANG,,0,0,0,0,0,0,0,0,0,107900,0,0,0,0,0,0,0,0,0,0,0,0,0,0,0,0,0,107900,FEBRUARI
2025-02-18,PEMBELIAN BARANG,,0,0,0,0,0,0,0,123900,0,0,0,0,0,0,0,0,0,0,0,0,0,0,0,0,0,0,0,123900,FEBRUARI
2025-02-18,PEMBELIAN BARANG,,0,0,0,0,0,0,0,2099000,0,0,0,0,0,0,0,0,0,0,0,0,0,0,0,0,0,0,0,2099000,FEBRUARI
2025-02-18,PEMBELIAN BARANG,,0,0,0,0,0,0,0,1764000,0,0,0,0,0,0,0,0,0,0,0,0,0,0,0,0,0,0,0,1764000,FEBRUARI
2025-02-18,PEMBELIAN BARANG,,0,0,0,0,0,0,0,0,0,439600,0,0,0,0,0,0,0,0,0,0,0,0,0,0,0,0,0,439600,FEBRUARI
2025-02-18,PEMBELIAN BARANG,,0,0,0,0,0,0,0,0,0,342800,0,0,0,0,0,0,0,0,0,0,0,0,0,0,0,0,0,342800,FEBRUARI
2025-02-18,PEMBELIAN BARANG,,0,0,0,0,0,0,0,220000,0,0,0,0,0,0,0,0,0,0,0,0,0,0,0,0,0,0,0,220000,FEBRUARI
2025-02-19,PEMBELIAN BARANG,,0,0,0,0,0,0,0,451000,0,0,0,0,0,0,0,0,0,0,0,0,0,0,0,0,0,0,0,451000,FEBRUARI
2025-02-19,PEMBELIAN BARANG,,0,0,0,0,0,0,0,0,0,459500,0,0,0,0,0,0,0,0,0,0,0,0,0,0,0,0,0,459500,FEBRUARI
2025-02-19,PEMBELIAN BARANG,,0,0,0,0,0,0,0,0,0,425500,0,0,0,0,0,0,0,0,0,0,0,0,0,0,0,0,0,425500,FEBRUARI
2025-02-19,PEMBELIAN BARANG,,0,0,0,0,0,0,0,1767500,0,0,0,0,0,0,0,0,0,0,0,0,0,0,0,0,0,0,0,1767500,FEBRUARI
2025-02-19,PEMBELIAN BARANG,,0,0,0,0,0,0,0,1076000,0,0,0,0,0,0,0,0,0,0,0,0,0,0,0,0,0,0,0,1076000,FEBRUARI
2025-02-19,PEMBELIAN BARANG,,0,0,0,0,0,0,0,1286000,0,0,0,0,0,0,0,0,0,0,0,0,0,0,0,0,0,0,0,1286000,FEBRUARI
2025-02-19,PEMBELIAN BARANG,,0,0,0,0,0,0,0,48500,0,0,0,0,0,0,0,0,0,0,0,0,0,0,0,0,0,0,0,48500,FEBRUARI
2025-02-19,PEMBELIAN BARANG,,0,0,0,0,0,0,0,0,0,867300,0,0,0,0,0,0,0,0,0,0,0,0,0,0,0,0,0,867300,FEBRUARI
2025-02-20,PEMBELIAN BARANG,,0,0,0,0,0,0,0,244250,0,0,0,0,0,0,0,0,0,0,0,0,0,0,0,0,0,0,0,244250,FEBRUARI
2025-02-20,VOUCHER,,0,0,0,0,0,0,0,312400,0,0,0,0,0,0,0,0,0,0,0,0,0,0,0,0,0,0,0,312400,FEBRUARI
2025-02-20,PEMBELIAN BARANG,,0,0,0,0,0,0,0,84000,0,0,0,0,0,0,0,0,0,0,0,0,0,0,0,0,0,0,0,84000,FEBRUARI
2025-02-20,PEMBELIAN BARANG,,0,0,0,0,0,0,0,1547400,0,0,0,0,0,0,0,0,0,0,0,0,0,0,0,0,0,0,0,1547400,FEBRUARI
2025-02-20,PEMBELIAN BARANG,,0,0,0,0,0,0,0,1501000,0,0,0,0,0,0,0,0,0,0,0,0,0,0,0,0,0,0,0,1501000,FEBRUARI
2025-02-20,PEMBELIAN BARANG,,0,0,0,0,0,0,0,0,0,544750,0,0,0,0,0,0,0,0,0,0,0,0,0,0,0,0,0,544750,FEBRUARI
2025-02-24,PEMBELIAN BARANG,,0,0,0,0,0,0,0,0,0,0,0,0,0,0,0,0,0,0,0,0,0,0,0,0,0,500000,0,500000,FEBRUARI
2025-02-24,PEMBELIAN BARANG,,0,0,0,0,0,0,0,1106000,0,0,0,0,0,0,0,0,0,0,0,0,0,0,0,0,0,0,0,1106000,FEBRUARI
2025-02-24,PEMBELIAN BARANG,,0,0,0,0,0,0,0,0,0,523000,0,0,0,0,0,0,0,0,0,0,0,0,0,0,0,0,0,523000,FEBRUARI
2025-02-24,PEMBELIAN BARANG,,0,0,0,0,0,0,0,83200,0,0,0,0,0,0,0,0,0,0,0,0,0,0,0,0,0,0,0,83200,FEBRUARI
2025-02-24,,,0,0,0,0,0,0,0,252500,0,0,0,0,0,0,0,0,0,0,0,0,0,0,0,0,0,0,0,252500,FEBRUARI
2025-02-25,PEMBELIAN BARANG,,0,0,0,0,0,0,0,0,0,0,0,0,0,0,0,0,0,0,0,0,0,0,0,0,0,250000,0,250000,FEBRUARI
2025-02-25,PEMBELIAN BARANG,,0,0,0,0,0,0,0,0,0,0,551000,0,0,0,0,0,0,0,0,0,0,0,0,0,0,0,0,551000,FEBRUARI
2025-02-25,PEMBELIAN BARANG,,0,0,0,0,0,0,0,1332000,0,0,0,0,0,0,0,0,0,0,0,0,0,0,0,0,0,0,0,1332000,FEBRUARI
2025-02-25,PEMBELIAN BARANG,,0,0,0,0,0,0,0,223400,0,0,0,0,0,0,0,0,0,0,0,0,0,0,0,0,0,0,0,223400,FEBRUARI
2025-02-25,PEMBELIAN BARANG,,0,0,0,0,0,0,0,1848000,0,0,0,0,0,0,0,0,0,0,0,0,0,0,0,0,0,0,0,1848000,FEBRUARI
2025-02-25,PEMBELIAN BARANG,,0,0,0,0,0,0,0,0,0,0,0,0,0,0,0,0,0,0,0,0,0,0,0,0,0,400000,0,400000,FEBRUARI
2025-02-25,PEMBELIAN BARANG,,0,0,0,0,0,0,0,7479230,0,0,0,0,0,0,0,0,0,0,0,0,0,0,0,0,0,0,0,7479230,FEBRUARI
2025-02-26,PEMBELIAN BARANG,,0,0,0,0,0,0,0,1060000,0,0,0,0,0,0,0,0,0,0,0,0,0,0,0,0,0,0,0,1060000,FEBRUARI
2025-02-26,PEMBELIAN BARANG,,0,0,0,0,0,0,0,2113500,0,0,0,0,0,0,0,0,0,0,0,0,0,0,0,0,0,0,0,2113500,FEBRUARI
2025-02-26,PEMBELIAN BARANG,,0,0,0,0,0,0,0,543000,0,0,0,0,0,0,0,0,0,0,0,0,0,0,0,0,0,0,0,543000,FEBRUARI
2025-02-26,PEMBELIAN BARANG,,0,0,0,0,0,0,0,718500,0,0,0,0,0,0,0,0,0,0,0,0,0,0,0,0,0,0,0,718500,FEBRUARI
2025-02-27,VOUCHER,,0,0,0,0,0,0,0,2038300,0,0,0,0,0,0,0,0,0,0,0,0,0,0,0,0,0,0,0,2038300,FEBRUARI
2025-02-27,PEMBELIAN BARANG,,0,0,0,0,0,0,0,1214125,0,0,0,0,0,0,0,0,0,0,0,0,0,0,0,0,0,0,0,1214125,FEBRUARI
2025-02-27,PEMBELIAN BARANG,,0,0,0,0,0,0,0,36950000,0,0,0,0,0,0,0,0,0,0,0,0,0,0,0,0,0,0,0,36950000,FEBRUARI
2025-02-27,PEMBELIAN BARANG,,0,0,0,0,0,0,0,11670000,0,0,0,0,0,0,0,0,0,0,0,0,0,0,0,0,0,0,0,11670000,FEBRUARI
2025-02-28,PEMBELIAN BARANG,,0,0,0,0,0,0,0,0,0,0,0,0,0,100000,0,0,0,0,0,0,0,0,0,0,0,0,0,100000,FEBRUARI
2025-02-28,PEMBELIAN BARANG,,0,0,0,0,0,0,0,0,0,0,0,0,0,0,0,0,0,0,0,300000,0,0,0,0,0,0,0,300000,FEBRUARI
2025-02-28,KREDIT BARANG,,0,0,0,0,0,0,0,0,0,0,0,0,0,0,0,265000,0,0,0,0,0,0,0,0,0,0,0,265000,FEBRUARI
2025-03-08,PEMBELIAN BARANG,,0,0,0,0,0,0,0,0,0,0,0,0,0,0,0,0,0,0,0,0,0,0,0,0,0,250000,0,250000,MARET
2025-03-03,VOUCHER,,0,0,0,0,0,0,0,1247200,0,0,0,0,0,0,0,0,0,0,0,0,0,0,0,0,0,0,0,1247200,MARET
2025-03-03,PEMBELIAN BARANG,,0,0,0,0,0,0,0,0,0,0,0,0,0,0,39200,0,0,0,0,0,0,0,0,0,0,0,0,39200,MARET
2025-03-03,PEMBELIAN BARANG,,0,0,0,0,0,0,0,944000,0,0,0,0,0,0,0,0,0,0,0,0,0,0,0,0,0,0,0,944000,MARET
2025-03-03,PEMBELIAN BARANG,,0,0,0,0,0,0,0,0,0,287500,0,0,0,0,0,0,0,0,0,0,0,0,0,0,0,0,0,287500,MARET
2025-03-03,PEMBELIAN BARANG,,0,0,0,0,0,0,0,185000,0,0,0,0,0,0,0,0,0,0,0,0,0,0,0,0,0,0,0,185000,MARET
2025-03-03,PEMBELIAN BARANG,,0,0,0,0,0,0,0,241500,0,0,0,0,0,0,0,0,0,0,0,0,0,0,0,0,0,0,0,241500,MARET
2025-03-03,KANTIN,,0,0,0,0,0,0,0,2219250,0,0,0,0,0,0,0,0,0,0,0,0,0,0,0,0,0,0,0,2219250,MARET
2025-03-03,PHOTOCOPY,,0,0,0,0,820000,0,0,0,0,0,0,0,0,0,0,0,0,0,0,0,0,0,0,0,0,0,0,820000,MARET
2025-03-03,jasa,,0,0,0,950000,0,0,0,0,0,0,0,0,0,0,0,0,0,0,0,0,0,0,0,0,0,0,0,950000,MARET
2025-03-04,eratel,,0,0,0,0,0,0,0,0,0,0,0,0,0,0,0,0,0,0,0,0,0,0,0,3900000,0,0,0,3900000,MARET
2024-03-27,,,0,0,0,0,0,0,0,0,0,0,0,0,0,0,0,0,0,0,0,0,0,0,0,0,0,250000,0,250000,MARET
2025-03-04,KANTIN,,0,0,0,0,0,0,0,0,0,1323000,0,0,0,0,0,0,0,0,0,0,0,0,0,0,0,0,0,1323000,MARET
2025-03-04,PHOTOCOPY,,0,0,0,0,0,0,0,425000,0,0,0,0,0,0,0,0,0,0,0,0,0,0,0,0,0,0,0,425000,MARET
2025-03-04,PEMBELIAN BARANG,,0,0,0,0,0,0,0,0,0,0,0,0,0,0,0,445000,0,0,0,0,0,0,0,0,0,0,0,445000,MARET
2025-03-04,PEMBELIAN BARANG,,0,0,0,0,0,0,0,0,0,191500,0,0,0,0,0,0,0,0,0,0,0,0,0,0,0,0,0,191500,MARET
2025-03-04,PEMBELIAN BARANG,,0,0,0,0,0,0,0,0,0,0,0,0,0,0,0,0,0,0,0,0,0,0,0,0,0,300000,0,300000,MARET
2025-03-05,PEMBELIAN BARANG,,0,200000,0,0,0,0,0,0,0,0,0,0,0,0,0,0,0,0,0,0,0,0,0,0,0,0,0,200000,MARET
2025-03-05,PEMBELIAN BARANG,,0,0,0,0,0,0,0,0,0,4596200,0,0,0,0,0,0,0,0,0,0,0,0,0,0,0,0,0,4596200,maret
2025-03-05,PEMBELIAN BARANG,,0,0,0,0,0,0,0,772000,0,0,0,0,0,0,0,0,0,0,0,0,0,0,0,0,0,0,0,772000,maret
2025-03-05,VOUCHER,,0,0,0,0,0,0,0,0,0,0,823000,0,0,0,0,0,0,0,0,0,0,0,0,0,0,0,0,823000,maret
2025-03-05,PEMBELIAN BARANG,,0,0,0,0,0,0,0,646000,0,0,0,0,0,0,0,0,0,0,0,0,0,0,0,0,0,0,0,646000,maret
2025-03-05,PEMBELIAN BARANG,,0,0,0,0,0,0,0,0,0,0,0,0,0,0,0,0,0,0,0,0,0,0,0,0,0,400000,0,400000,maret
2025-03-06,PEMBELIAN BARANG,,0,520000,0,0,0,0,0,0,0,0,0,0,0,0,0,0,0,0,0,0,0,0,0,0,0,0,0,520000,maret
2025-03-06,PEMBELIAN BARANG,,0,0,0,0,0,0,0,0,0,260700,0,0,0,0,0,0,0,0,0,0,0,0,0,0,0,0,0,260700,maret
2025-03-07,PEMBELIAN BARANG,,0,0,0,0,0,0,0,0,0,0,0,0,0,0,0,0,0,0,0,0,0,0,0,0,0,300000,0,300000,maret
2025-03-07,PEMBELIAN BARANG,,0,85000,0,0,0,0,0,0,0,0,0,0,0,0,0,0,0,0,0,0,0,0,0,0,0,0,0,85000,maret
2025-03-07,PEMBELIAN BARANG,,0,0,0,0,0,0,0,0,0,355000,0,0,0,0,0,0,0,0,0,0,0,0,0,0,0,0,0,355000,maret
2025-03-07,PEMBELIAN BARANG,,0,0,0,0,0,0,0,1921950,0,0,0,0,0,0,0,0,0,0,0,0,0,0,0,0,0,0,0,1921950,maret
2025-03-07,PEMBELIAN BARANG,,0,0,0,0,0,0,0,2171000,0,0,0,0,0,0,0,0,0,0,0,0,0,0,0,0,0,0,0,2171000,maret
2025-03-07,,,0,0,0,0,0,0,0,284000,0,0,0,0,0,0,0,0,0,0,0,0,0,0,0,0,0,0,0,284000,maret
2025-03-10,PEMBELIAN BARANG,,0,0,0,0,0,0,0,380000,0,0,0,0,0,0,0,0,0,0,0,0,0,0,0,0,0,0,0,380000,maret
2025-03-07,PEMBELIAN BARANG,,0,0,0,0,0,0,0,0,0,0,0,0,0,0,0,0,0,0,0,0,0,0,0,0,0,1375000,0,1375000,maret
2025-03-10,PEMBELIAN BARANG,,0,0,0,0,0,0,0,34000,0,0,0,0,0,0,0,0,0,0,0,0,0,0,0,0,0,0,0,34000,maret
2025-03-10,PEMBELIAN BARANG,,0,0,0,0,0,0,0,0,0,0,0,0,0,0,0,0,0,0,0,0,0,0,0,0,0,0,0,47500,maret
2025-03-10,,,0,0,0,0,0,0,0,1234500,0,0,0,0,0,0,0,0,0,0,0,0,0,0,0,0,0,0,0,1234500,maret
2025-03-11,PEMBELIAN BARANG,,0,0,0,0,0,0,0,0,0,0,0,0,0,0,0,0,0,0,0,0,0,0,0,0,0,1425000,0,1425000,maret
2022-12-26,DISTAN,,0,0,0,0,0,0,0,0,0,0,0,0,0,0,0,0,0,0,0,0,0,0,0,0,0,0,0,1656000,
2025-03-11,PEMBELIAN BARANG,,0,0,0,0,0,0,0,462000,0,0,0,0,0,0,0,0,0,0,0,0,0,0,0,0,0,0,0,462000,maret
2025-03-11,PEMBELIAN BARANG,,0,0,0,0,0,0,0,0,0,77500,0,0,0,0,0,0,0,0,0,0,0,0,0,0,0,0,0,77500,maret
2025-03-11,PEMBELIAN BARANG,,0,0,0,0,0,0,0,651000,0,0,0,0,0,0,0,0,0,0,0,0,0,0,0,0,0,0,0,651000,maret
2025-03-11,PEMBELIAN BARANG,,0,0,0,0,0,0,0,0,0,171500,0,0,0,0,0,0,0,0,0,0,0,0,0,0,0,0,0,171500,maret
2025-03-12,PEMBELIAN BARANG,,0,0,0,0,0,0,0,355000,0,0,0,0,0,0,0,0,0,0,0,0,0,0,0,0,0,0,0,355000,maret
2025-03-12,PEMBELIAN BARANG,,0,0,0,0,0,0,0,0,0,0,0,0,0,0,0,0,0,0,0,0,0,0,0,0,0,1100000,0,1100000,maret
2025-03-12,PEMBELIAN BARANG,,0,205000,0,0,0,0,0,0,0,0,0,0,0,0,0,0,0,0,0,0,0,0,0,0,0,0,0,205000,maret
2025-03-13,PEMBELIAN BARANG,,0,0,0,0,0,0,0,335500,0,0,0,0,0,0,0,0,0,0,0,0,0,0,0,0,0,0,0,335500,maret
2025-03-13,PEMBELIAN BARANG,,0,0,0,0,0,0,0,503500,0,0,0,0,0,0,0,0,0,0,0,0,0,0,0,0,0,0,0,503500,maret
2025-03-13,PEMBELIAN BARANG,,0,0,0,0,0,0,0,0,0,897000,0,0,0,0,0,0,0,0,0,0,0,0,0,0,0,0,0,897000,maret
2025-03-14,PEMBELIAN BARANG,,0,0,0,0,0,0,0,0,0,0,0,0,0,0,0,0,0,0,0,0,0,0,0,0,0,2075000,0,2075000,maret
2025-03-14,PEMBELIAN BARANG,,0,0,0,0,0,0,0,0,0,0,1120000,0,0,0,0,0,0,0,0,0,0,0,0,0,0,0,0,1120000,maret
2025-03-14,PEMBELIAN BARANG,,0,0,0,0,0,0,0,2705000,0,0,0,0,0,0,0,0,0,0,0,0,0,0,0,0,0,0,0,2705000,maret
2025-03-14,PEMBELIAN BARANG,,0,0,0,0,0,0,0,479000,0,0,0,0,0,0,0,0,0,0,0,0,0,0,0,0,0,0,0,479000,maret
2025-03-14,PEMBELIAN BARANG,,0,0,0,0,0,0,0,0,0,201800,0,0,0,0,0,0,0,0,0,0,0,0,0,0,0,0,0,201800,maret
2025-03-14,PEMBELIAN BARANG,,0,0,0,0,0,0,0,0,0,462100,0,0,0,0,0,0,0,0,0,0,0,0,0,0,0,0,0,462100,maret
2025-03-14,VOUCHER,,0,0,0,0,0,0,0,132400,0,0,0,0,0,0,0,0,0,0,0,0,0,0,0,0,0,0,0,132400,maret
2025-03-14,PEMBELIAN BARANG,,0,0,0,0,0,0,0,0,0,0,102000,0,0,0,0,0,0,0,0,0,0,0,0,0,0,0,0,102000,maret
2025-03-14,PEMBELIAN BARANG,,0,0,0,0,0,0,0,0,0,0,942200,0,0,0,0,0,0,0,0,0,0,0,0,0,0,0,0,942200,maret
2025-03-14,PEMBELIAN BARANG,,0,0,0,0,0,0,0,0,0,179750,0,0,0,0,0,0,0,0,0,0,0,0,0,0,0,0,0,179750,maret
2025-03-14,PEMBELIAN BARANG,,0,0,0,0,0,0,0,0,0,0,0,0,0,0,0,0,0,0,0,0,0,0,0,0,0,950000,0,950000,maret
2025-03-14,PEMBELIAN BARANG,,0,0,0,0,0,0,0,0,0,204500,0,0,0,0,0,0,0,0,0,0,0,0,0,0,0,0,0,204500,maret
2025-03-14,PEMBELIAN BARANG,,0,0,0,0,0,0,0,704000,0,0,0,0,0,0,0,0,0,0,0,0,0,0,0,0,0,0,0,704000,maret
2025-03-14,PEMBELIAN BARANG,,0,0,0,0,0,0,0,48500,0,0,0,0,0,0,0,0,0,0,0,0,0,0,0,0,0,0,0,48500,maret
2025-03-14,PEMBELIAN BARANG,,0,0,0,0,0,0,0,0,0,691200,0,0,0,0,0,0,0,0,0,0,0,0,0,0,0,0,0,691200,maret
2025-03-14,PEMBELIAN BARANG,,0,0,0,0,0,0,0,0,0,276000,0,0,0,0,0,0,0,0,0,0,0,0,0,0,0,0,0,276000,maret
2025-03-14,PEMBELIAN BARANG,,0,0,0,0,0,0,0,0,0,120000,0,0,0,0,0,0,0,0,0,0,0,0,0,0,0,0,0,120000,maret
2025-03-17,VOUCHER,,0,0,0,0,0,0,0,2033500,0,0,0,0,0,0,0,0,0,0,0,0,0,0,0,0,0,0,0,2033500,maret
2025-03-17,,,0,0,0,0,0,0,0,0,0,0,0,0,0,0,0,0,0,0,0,0,0,0,0,0,0,400000,0,400000,maret
2025-03-17,PEMBELIAN BARANG,,0,0,0,0,0,0,0,0,0,223400,0,0,0,0,0,0,0,0,0,0,0,0,0,0,0,0,0,223400,maret
2025-03-17,PEMBELIAN BARANG,,0,0,0,0,0,0,0,0,0,0,270000,0,0,0,0,0,0,0,0,0,0,0,0,0,0,0,0,270000,maret
2025-03-17,PEMBELIAN BARANG,,0,0,0,0,0,0,0,0,0,0,225000,0,0,0,0,0,0,0,0,0,0,0,0,0,0,0,0,225000,maret
2025-03-17,PEMBELIAN BARANG,,0,0,0,0,0,0,0,0,0,0,0,0,0,0,0,0,0,0,0,0,0,0,0,0,0,1050000,0,1050000,maret
2025-03-17,PEMBELIAN BARANG,,0,0,0,0,0,0,0,115500,0,0,0,0,0,0,0,0,0,0,0,0,0,0,0,0,0,0,0,115500,maret
2025-03-18,VOUCHER,,0,0,0,0,0,0,0,0,0,328000,0,0,0,0,0,0,0,0,0,0,0,0,0,0,0,0,0,328000,maret
2025-03-18,PEMBELIAN BARANG,,0,0,0,0,0,0,0,0,0,480000,0,0,0,0,0,0,0,0,0,0,0,0,0,0,0,0,0,480000,maret
2025-03-18,PEMBELIAN BARANG,,0,0,0,0,0,0,0,0,0,254000,0,0,0,0,0,0,0,0,0,0,0,0,0,0,0,0,0,254000,maret
2025-03-18,PEMBELIAN BARANG,,0,0,0,0,0,0,0,0,0,0,0,0,0,0,0,0,0,0,0,0,0,0,0,0,0,963000,0,963000,maret
2025-03-18,PEMBELIAN BARANG,,0,0,0,0,0,0,0,202000,0,0,0,0,0,0,0,0,0,0,0,0,0,0,0,0,0,0,0,202000,maret
2025-03-18,PEMBELIAN BARANG,,0,0,0,0,0,0,0,132500,0,0,0,0,0,0,0,0,0,0,0,0,0,0,0,0,0,0,0,132500,maret
2025-03-18,PEMBELIAN BARANG,,0,0,0,0,0,0,0,500000,0,0,0,0,0,0,0,0,0,0,0,0,0,0,0,0,0,0,0,500000,maret
2025-03-19,PEMBELIAN BARANG,,0,0,0,0,0,0,0,653400,0,0,0,0,0,0,0,0,0,0,0,0,0,0,0,0,0,0,0,653400,maret
2025-03-19,PEMBELIAN BARANG,,0,0,0,0,0,0,0,0,0,2462500,0,0,0,0,0,0,0,0,0,0,0,0,0,0,0,0,0,2462500,maret
2025-03-19,PEMBELIAN BARANG,,0,0,0,0,0,0,0,0,200000,0,0,0,0,0,0,0,0,0,0,0,0,0,0,0,0,0,0,200000,maret
2025-03-19,PEMBELIAN BARANG,,0,0,0,0,0,0,0,0,0,0,96000,0,0,0,0,0,0,0,0,0,0,0,0,0,0,0,0,96000,maret
2025-03-19,PEMBELIAN BARANG,,0,0,0,0,0,0,0,222600,0,0,0,0,0,0,0,0,0,0,0,0,0,0,0,0,0,0,0,222600,maret
2025-03-19,PEMBELIAN BARANG,,0,0,0,0,0,0,0,0,0,725000,0,0,0,0,0,0,0,0,0,0,0,0,0,0,0,0,0,725000,maret
2025-03-19,PEMBELIAN BARANG,,0,0,0,0,0,0,0,1837000,0,0,0,0,0,0,0,0,0,0,0,0,0,0,0,0,0,0,0,1837000,maret
2025-03-20,VOUCHER,,0,0,0,0,0,0,0,0,1799000,0,0,0,0,0,0,0,0,0,0,0,0,0,0,0,0,0,0,1799000,maret
2025-03-20,PEMBELIAN BARANG,,0,0,0,0,0,0,0,0,1799000,0,0,0,0,0,0,0,0,0,0,0,0,0,0,0,0,0,0,1799000,maret
2025-03-21,VOUCHER,,0,0,0,0,0,0,0,0,0,0,0,0,0,0,0,0,0,0,0,0,0,0,0,0,0,650000,0,650000,maret
2025-03-21,vOUCHER,,0,0,0,0,0,0,0,0,0,0,342000,0,0,0,0,0,0,0,0,0,0,0,0,0,0,0,0,342000,maret
2025-03-21,PEMBELIAN BARANG,,0,0,0,0,0,0,0,0,0,0,0,0,0,0,0,0,0,0,0,0,0,0,0,0,0,1175000,0,1175000,maret
2025-03-21,PEMBELIAN BARANG,,0,0,0,0,0,0,0,346500,0,0,0,0,0,0,0,0,0,0,0,0,0,0,0,0,0,0,0,346500,maret
2025-03-21,PEMBELIAN BARANG,,0,0,0,0,0,0,0,631000,0,0,0,0,0,0,0,0,0,0,0,0,0,0,0,0,0,0,0,631000,maret
2025-03-21,PEMBELIAN BARANG,,0,0,0,0,0,0,0,4456800,0,0,0,0,0,0,0,0,0,0,0,0,0,0,0,0,0,0,0,4456800,maret
2025-03-21,PEMBELIAN BARANG,,0,0,0,0,0,0,0,0,0,184400,0,0,0,0,0,0,0,0,0,0,0,0,0,0,0,0,0,184400,maret
2025-03-21,PEMBELIAN BARANG,,0,0,0,0,0,0,0,0,0,0,0,0,0,0,0,0,0,0,0,0,0,0,0,0,0,400000,0,400000,maret
2025-03-21,PEMBELIAN BARANG,,0,0,0,0,0,0,0,0,0,378600,0,0,0,0,0,0,0,0,0,0,0,0,0,0,0,0,0,378600,maret
2025-03-21,PEMBELIAN BARANG,,0,0,0,0,0,0,0,963500,0,0,0,0,0,0,0,0,0,0,0,0,0,0,0,0,0,0,0,963500,maret
2025-03-24,VOUCHER,,0,0,0,0,0,0,0,1675000,0,0,0,0,0,0,0,0,0,0,0,0,0,0,0,0,0,0,0,1675000,maret
2025-03-24,PEMBELIAN BARANG,,0,0,0,0,0,0,0,3457500,0,0,0,0,0,0,0,0,0,0,0,0,0,0,0,0,0,0,0,3457500,maret
2025-03-24,PEMBELIAN BARANG,,0,0,0,0,0,0,0,0,0,0,0,0,0,0,0,0,0,0,0,0,0,0,0,0,0,450000,0,450000,maret
2025-03-24,PEMBELIAN BARANG,,0,0,0,0,0,0,0,0,0,0,370000,0,0,0,0,0,0,0,0,0,0,0,0,0,0,0,0,370000,maret
2025-03-24,PEMBELIAN BARANG,,0,0,0,0,0,0,0,334000,0,0,0,0,0,0,0,0,0,0,0,0,0,0,0,0,0,0,0,334000,maret
2025-03-24,PEMBELIAN BARANG,,0,0,0,0,0,0,0,0,0,0,488500,0,0,0,0,0,0,0,0,0,0,0,0,0,0,0,0,488500,maret
2025-03-25,PEMBELIAN BARANG,,0,0,0,0,0,0,0,0,0,0,0,0,0,0,0,0,0,0,0,0,0,0,0,0,0,300000,0,300000,maret
2025-03-25,PEMBELIAN BARANG,,0,0,0,0,0,0,0,0,0,261000,0,0,0,0,0,0,0,0,0,0,0,0,0,0,0,0,0,261000,maret
2025-03-25,VOUCHER,,0,0,0,0,0,0,0,0,0,0,0,0,0,0,0,0,0,0,0,0,0,0,0,0,0,500000,0,500000,maret
2025-03-26,PEMBELIAN BARANG,,0,0,0,0,0,0,0,0,0,0,75000,0,0,0,0,0,0,0,0,0,0,0,0,0,0,0,0,75000,maret
2025-03-26,PEMBELIAN BARANG,,0,0,0,0,0,0,0,2106500,0,0,0,0,0,0,0,0,0,0,0,0,0,0,0,0,0,0,0,2106500,maret
2025-03-27,PEMBELIAN BARANG,,0,0,0,0,0,0,4500000,0,0,0,0,0,0,0,0,0,0,0,0,0,0,0,0,0,0,0,0,4500000,maret
2025-03-27,PEMBELIAN BARANG,,0,0,0,0,0,0,4000000,0,0,0,0,0,0,0,0,0,0,0,0,0,0,0,0,0,0,0,0,4000000,maret
2025-03-27,,,0,0,0,0,0,0,0,0,0,0,0,0,0,0,0,0,0,0,0,300000,0,0,0,0,0,0,0,300000,maret
2025-04-08,NIAGA NUSA,,0,0,0,0,0,0,0,0,0,2018500,0,0,0,0,0,0,0,0,0,0,0,0,0,0,0,0,0,2018500,APRIL
2025-04-08,NOTA NAGAYO,,0,0,0,0,0,0,0,120000,0,0,0,0,0,0,0,0,0,0,0,0,0,0,0,0,0,0,0,120000,APRIL
2025-04-08,NOTA SOSRO,,0,0,0,0,0,0,0,120000,0,0,0,0,0,0,0,0,0,0,0,0,0,0,0,0,0,0,0,120000,APRIL
2025-04-08,RELASI BASRENG,,0,0,0,0,0,0,0,0,0,0,126000,0,0,0,0,0,0,0,0,0,0,0,0,0,0,0,0,126000,APRIL
2025-04-08,ERATEL,,0,0,0,0,0,0,0,148700,0,0,0,0,0,0,0,0,0,0,0,0,0,0,0,0,0,0,0,148700,APRIL
2025-04-08,JASA UPU,,0,0,0,0,0,0,0,0,0,0,0,0,0,0,0,0,0,0,0,0,0,0,0,3500000,0,0,0,3500000,APRIL
2025-04-08,JASA PHOTOCOPY,,0,0,0,0,463000,0,0,0,0,0,0,0,0,0,0,0,0,0,0,0,0,0,0,0,0,0,0,463000,APRIL
2025-04-08,JASA KANTIN,,0,0,0,250000,0,0,0,0,0,0,0,0,0,0,0,0,0,0,0,0,0,0,0,0,0,0,0,250000,APRIL
2025-04-08,TUA SOREANG,,0,0,0,0,0,0,0,780000,0,0,0,0,0,0,0,0,0,0,0,0,0,0,0,0,0,0,0,780000,APRIL
2025-04-08,CEMERLANG,,0,0,0,0,0,0,0,1935000,0,0,0,0,0,0,0,0,0,0,0,0,0,0,0,0,0,0,0,1935000,APRIL
2025-04-08,TK 113,,0,0,0,0,0,0,0,1234000,0,0,0,0,0,0,0,0,0,0,0,0,0,0,0,0,0,0,0,1234000,APRIL
2025-04-09,VOUCHER,,0,0,0,0,0,0,0,0,0,0,0,0,0,0,0,0,0,0,0,0,0,0,0,0,0,400000,0,400000,APRIL
2025-04-09,,,0,0,0,0,0,0,0,2565000,0,0,0,0,0,0,0,0,0,0,0,0,0,0,0,0,0,0,0,2565000,APRIL
2025-04-09,,,0,0,0,0,0,0,0,0,0,667000,0,0,0,0,0,0,0,0,0,0,0,0,0,0,0,0,0,667000,APRIL
2025-04-09,,,0,0,0,0,0,0,0,427000,0,0,0,0,0,0,0,0,0,0,0,0,0,0,0,0,0,0,0,427000,APRIL
2025-04-09,,,0,0,0,0,0,0,0,0,0,59500,0,0,0,0,0,0,0,0,0,0,0,0,0,0,0,0,0,59500,APRIL
2025-04-09,,,0,0,0,0,0,0,0,1533500,0,0,0,0,0,0,0,0,0,0,0,0,0,0,0,0,0,0,0,1533500,APRIL
2025-04-09,,,0,0,0,0,0,0,0,772000,0,0,0,0,0,0,0,0,0,0,0,0,0,0,0,0,0,0,0,772000,APRIL
2025-04-09,,,0,0,0,0,0,0,0,550600,0,0,0,0,0,0,0,0,0,0,0,0,0,0,0,0,0,0,0,550600,APRIL
2025-04-10,VOUCHER,,0,0,0,0,0,0,0,0,0,0,0,0,0,0,0,0,0,0,0,0,0,0,0,0,0,500000,0,500000,APRIL
2025-04-10,,,0,0,0,0,0,0,0,0,0,4766000,0,0,0,0,0,0,0,0,0,0,0,0,0,0,0,0,0,4766000,APRIL
2025-04-10,,,0,0,0,0,0,0,0,1219700,0,0,0,0,0,0,0,0,0,0,0,0,0,0,0,0,0,0,0,1219700,APRIL
2025-04-10,,,0,0,0,0,0,0,0,0,0,0,432000,0,0,0,0,0,0,0,0,0,0,0,0,0,0,0,0,432000,APRIL
2025-04-10,,,0,0,0,0,0,0,0,0,0,470000,0,0,0,0,0,0,0,0,0,0,0,0,0,0,0,0,0,470000,APRIL
2025-04-11,VOUCHER,,0,0,0,0,0,0,0,0,0,0,0,0,0,0,0,0,0,0,0,0,0,0,0,0,0,900000,0,900000,APRIL
2025-04-11,DANA BANSOS,,0,0,0,0,0,0,20000000,0,0,0,0,0,0,0,0,0,0,0,0,0,0,0,0,0,0,0,0,20000000,APRIL
2025-04-14,,,0,0,0,0,0,0,0,0,0,0,0,0,0,0,0,0,0,0,0,0,0,0,0,0,0,100000,0,100000,APRIL
2025-04-14,,,0,0,0,0,0,0,0,2566000,0,0,0,0,0,0,0,0,0,0,0,0,0,0,0,0,0,0,0,2566000,APRIL
2025-04-14,,,0,0,0,0,0,0,0,6388760,0,0,0,0,0,0,0,0,0,0,0,0,0,0,0,0,0,0,0,6388760,APRIL
2025-04-15,,,0,0,0,0,0,0,0,0,0,0,0,0,0,0,0,0,0,0,0,0,0,0,0,0,0,650000,0,650000,APRIL
2025-04-15,,,0,0,0,0,0,0,0,1458645,0,0,0,0,0,0,0,0,0,0,0,0,0,0,0,0,0,0,0,1458645,APRIL
2025-04-15,,,0,0,0,0,0,0,0,0,0,0,1488000,0,0,0,0,0,0,0,0,0,0,0,0,0,0,0,0,1488000,APRIL
2025-04-16,,,0,0,0,0,0,0,0,0,0,0,0,0,0,0,0,0,0,0,0,0,0,0,0,0,0,1250000,0,1250000,APRIL
2025-04-16,,,0,0,0,0,0,0,0,1131000,0,0,0,0,0,0,0,0,0,0,0,0,0,0,0,0,0,0,0,1131000,APRIL
2025-04-16,,,0,0,0,0,0,0,0,0,0,1577500,0,0,0,0,0,0,0,0,0,0,0,0,0,0,0,0,0,1577500,APRIL
2025-04-16,,,0,0,0,0,0,0,0,0,0,0,421000,0,0,0,0,0,0,0,0,0,0,0,0,0,0,0,0,421000,APRIL
2025-04-16,,,0,0,0,0,0,0,0,1798100,0,0,0,0,0,0,0,0,0,0,0,0,0,0,0,0,0,0,0,1798100,APRIL
2025-04-16,,,0,0,0,0,0,0,0,0,0,0,0,0,0,0,0,0,0,0,0,0,0,0,0,0,0,700000,0,700000,APRIL
2025-04-16,,,0,0,0,0,0,0,0,1508750,0,267000,0,0,0,0,0,0,0,0,0,0,0,0,0,0,0,0,0,1775750,APRIL
2025-04-16,,,0,0,0,0,0,0,0,5505882,0,0,0,0,0,0,0,0,0,0,0,0,0,0,0,0,0,0,0,5505882,APRIL
2025-04-16,,,0,0,0,0,0,0,0,5648928,0,0,0,0,0,0,0,0,0,0,0,0,0,0,0,0,0,0,0,5648928,APRIL
2025-04-16,,,0,0,0,0,0,0,0,0,1446000,0,0,0,0,0,0,0,0,0,0,0,0,0,0,0,0,0,0,1446000,APRIL
2025-04-16,,,0,0,0,0,0,0,0,0,2500000,0,0,0,0,0,0,0,0,0,0,0,0,0,0,0,0,200000,0,2700000,APRIL
2025-04-16,,,0,0,0,0,0,0,0,0,0,0,0,0,0,0,39200,0,0,0,0,0,0,0,0,0,0,0,0,39200,APRIL
2025-04-16,,,0,0,0,0,0,0,0,2118000,0,0,0,0,0,0,0,0,0,0,0,0,0,0,0,0,0,0,0,2118000,APRIL
2025-04-16,,,0,0,0,0,0,0,0,0,0,0,679000,0,0,0,0,0,0,0,0,0,0,0,0,0,0,0,0,679000,APRIL
2025-04-22,,,0,0,0,0,0,0,0,0,0,0,0,0,0,0,0,0,0,0,0,0,0,0,0,0,0,570000,0,570000,APRIL
2025-04-22,,,0,0,0,0,0,0,0,0,0,0,0,269000,0,0,0,0,0,0,0,0,0,0,0,0,0,0,0,269000,APRIL
2025-04-22,,,0,0,0,0,0,0,0,8848950,0,0,0,0,0,0,0,0,0,0,0,0,0,0,0,0,0,0,0,8848950,APRIL
2025-04-22,,,0,0,0,0,0,0,0,0,0,0,0,0,0,0,0,0,0,0,0,0,0,0,0,0,0,550000,0,550000,APRIL
2025-04-22,,,0,0,0,0,0,0,0,811700,0,0,0,0,0,0,0,0,0,0,0,0,0,0,0,0,0,0,0,811700,APRIL
2025-04-22,,,0,0,0,0,0,0,0,0,0,0,0,0,0,0,0,0,0,0,0,0,0,0,0,0,0,250000,0,250000,APRIL
2025-04-22,,,0,0,0,0,0,0,0,0,0,0,210000,0,0,0,0,0,0,0,0,0,0,0,0,0,0,0,0,210000,APRIL
2025-04-22,,,0,0,0,0,0,0,0,2651552,0,335600,0,0,0,0,0,0,0,0,0,0,0,0,0,0,0,0,0,2987152,APRIL
2025-04-22,,,0,0,0,0,0,0,0,0,0,0,0,0,0,0,0,0,0,0,0,0,0,0,0,0,0,200000,0,200000,APRIL
2025-04-22,,,0,0,0,0,0,0,0,6056850,0,310000,0,0,0,0,0,0,0,0,0,0,0,0,0,0,0,0,0,6366850,APRIL
2025-04-28,,,0,0,0,0,0,0,0,0,0,0,0,25000,0,0,0,0,0,0,0,0,0,0,0,0,0,0,0,25000,APRIL
2025-04-28,,,0,0,0,0,0,0,0,1922500,0,0,882000,0,0,0,0,0,0,0,0,0,0,0,0,0,0,0,0,2804500,APRIL
2025-04-28,,,0,0,0,0,0,0,0,0,0,0,0,0,0,0,0,0,0,0,0,0,0,0,0,0,0,450000,0,450000,APRIL
2025-04-28,,,0,0,0,0,0,0,0,4686000,0,840800,0,0,0,0,0,0,0,0,0,0,0,0,0,0,0,0,0,5526800,APRIL
2025-04-28,,,0,0,0,0,0,0,0,0,0,0,0,0,0,0,0,0,0,0,0,0,0,0,0,0,0,600000,0,600000,APRIL
2025-04-28,,,0,0,0,0,0,0,0,0,0,0,0,70000,0,0,0,0,0,0,0,0,0,0,0,0,0,0,0,70000,APRIL
2025-04-28,,,0,0,0,0,0,0,0,1927600,0,892400,120000,0,0,0,0,0,0,0,0,0,0,0,0,0,0,0,0,2940000,APRIL
2025-04-28,,,0,0,0,0,0,0,0,0,0,0,0,0,0,0,0,219800,0,0,0,0,0,0,0,0,0,0,0,219800,APRIL
2025-04-28,,,0,0,0,0,0,0,0,0,0,0,0,0,0,0,0,0,0,0,0,300000,0,0,0,0,0,0,0,300000,APRIL
2025-04-28,,,0,0,0,0,0,0,0,0,0,0,0,0,0,0,0,0,0,0,0,0,25000,0,0,0,0,4500000,0,4525000,APRIL
2025-05-02,,,0,0,0,0,0,0,0,0,0,0,0,0,0,0,0,0,0,0,0,0,0,0,0,5500000,0,0,0,5500000,MEI
2025-05-02,,,0,0,0,700000,323250,0,0,0,0,0,0,0,0,0,0,0,0,0,0,0,0,0,0,0,0,0,0,1023250,MEI
2025-05-02,,,0,0,0,0,0,0,8500000,0,0,0,0,0,0,0,0,0,0,0,0,0,0,0,0,0,0,0,0,8500000,MEI
2025-05-02,,,0,0,0,0,0,0,0,0,0,0,0,0,0,0,0,0,0,0,0,0,0,0,0,0,0,300000,0,300000,MEI
2025-05-05,,,0,0,0,0,0,0,0,1881000,0,53541,456000,0,0,0,0,0,0,0,0,0,0,0,0,0,0,0,0,2390541,MEI
2025-05-05,HP,,0,0,0,0,0,0,0,4055050,0,0,0,0,0,0,0,0,0,0,0,0,0,0,0,0,0,0,0,4055050,MEI
2025-05-05,,,0,0,0,0,0,0,0,0,0,0,0,0,0,0,0,0,0,0,0,0,0,0,0,0,0,350000,0,350000,MEI
2025-05-06,,,0,0,0,0,0,0,0,0,1800000,0,0,0,0,0,0,0,0,0,0,0,0,0,0,0,0,0,0,1800000,MEI
2025-05-06,,,0,0,0,0,0,0,0,0,0,1299400,668000,0,0,0,0,0,0,0,0,0,0,0,0,0,0,0,0,1967400,MEI
2025-05-06,,,0,0,0,0,0,0,0,2229020,0,0,0,0,0,0,0,0,0,0,0,0,0,0,0,0,0,0,0,2229020,MEI
2025-05-06,,,0,0,0,0,0,0,0,0,0,4808587,328000,0,0,0,0,0,0,0,0,0,0,0,0,0,0,0,0,5136587,mei
2025-05-06,,,0,0,0,0,0,0,0,0,0,0,0,0,0,0,0,0,0,0,0,0,0,0,0,0,0,50000,0,50000,MEI
2025-05-07,,,0,0,0,0,0,0,0,0,0,0,0,0,0,0,0,0,0,0,0,0,0,0,0,0,0,600000,0,600000,MEI
2025-05-08,,,0,0,0,0,0,0,0,0,0,0,0,0,0,0,0,0,0,0,0,0,0,0,0,0,0,1000000,0,1000000,MEI
2025-05-08,,,0,0,0,0,0,0,0,7657863,0,469422,400000,0,0,0,0,0,0,0,0,0,0,0,0,0,0,0,0,8527285,MEI
2025-05-09,,,0,0,0,0,0,0,0,4507400,0,197386,100000,0,0,0,0,0,0,0,0,0,0,0,0,0,0,0,0,4804786,MEI
2025-05-09,,,0,0,0,0,0,0,0,0,0,0,0,0,0,0,0,0,0,0,0,0,0,0,0,0,0,400000,0,400000,MEI
2025-05-14,,,0,0,0,0,0,0,0,5193000,0,9592811,102000,0,0,0,0,0,0,0,0,0,0,0,0,0,0,0,0,14887811,MEI
2025-05-14,,,0,0,0,0,0,0,0,0,0,0,0,0,0,0,39186,0,0,0,0,0,0,0,0,0,0,0,0,39186,MEI
2025-05-14,,,0,0,0,0,0,0,0,0,0,0,0,0,0,0,0,0,0,0,0,0,0,0,0,0,0,200000,0,200000,MEI
2025-05-15,,,0,0,0,0,0,0,0,0,0,0,0,0,0,0,0,0,0,0,0,0,0,0,0,0,0,400000,0,400000,MEI
2025-05-15,,,0,0,0,0,0,0,0,1688774,0,1386981.25,0,0,0,0,0,0,0,0,0,0,0,0,0,0,0,0,0,3075755.25,MEI
2025-05-16,,,0,0,0,0,0,0,0,3718120,0,751028,720000,0,0,0,0,0,0,0,0,0,0,0,0,0,0,0,0,5189148,MEI
2025-05-16,,,0,0,0,0,0,0,0,0,0,0,0,0,0,0,0,0,0,0,0,0,0,0,0,0,0,450000,0,450000,MEI
2025-05-19,,,0,0,0,0,0,0,0,3783000,0,0,0,0,0,0,0,0,0,0,0,0,0,0,0,0,0,0,0,3783000,MEI
2025-05-19,,,0,0,0,0,0,0,0,0,0,0,0,0,0,0,0,0,0,0,0,0,0,0,0,0,0,700000,0,700000,MEI
2025-05-19,,,0,0,0,0,0,0,0,0,0,4163679,310000,0,0,0,0,0,0,0,0,0,0,0,0,0,0,0,0,4473679,MEI
2025-05-19,,,0,0,0,0,0,0,0,0,0,0,0,28500,0,0,0,0,0,0,0,0,0,0,0,0,0,0,0,28500,MEI
2025-05-20,,,0,0,0,0,0,0,0,0,0,0,0,0,0,0,0,0,0,0,0,0,0,0,0,0,0,1000000,0,1000000,MEI
2025-05-20,,,0,0,0,0,0,0,0,3748000,0,0,0,0,0,0,0,0,0,0,0,0,0,0,0,0,0,0,0,3748000,MEI
2025-05-21,,,0,0,0,0,0,0,0,0,0,0,0,0,0,0,0,0,0,0,0,0,0,0,0,0,0,900000,0,900000,MEI
2025-05-21,,,0,0,0,0,0,0,0,1121000,0,4467700,482304,0,0,0,0,0,0,0,0,0,0,0,0,0,0,0,0,6071004,MEI
2025-05-21,,,0,0,0,0,0,0,0,0,0,0,0,0,0,0,0,0,0,0,0,0,0,0,0,0,0,100000,0,100000,MEI
2025-05-22,,,0,0,0,0,0,0,0,2595630,0,872786,0,0,0,0,0,0,0,0,0,0,0,0,0,0,0,0,0,3468416,MEI
2025-05-23,,,0,0,0,0,0,0,0,8551249,0,0,595838,0,0,0,0,0,0,0,0,0,0,0,0,0,0,0,0,9147087,MEI
2025-05-23,brg banso,,0,0,0,0,0,0,0,0,0,3485250,0,0,0,0,0,0,0,0,0,0,0,0,0,0,0,0,0,3485250,MEI
2025-05-23,,,0,0,0,0,0,0,0,0,0,0,0,0,0,0,0,0,0,0,0,0,0,0,0,0,0,550000,0,550000,MEI
2025-05-26,,,0,0,0,0,0,0,0,0,0,0,0,0,0,0,0,0,0,0,0,0,0,0,0,0,0,300000,0,300000,MEI
2025-05-26,,,0,0,0,0,0,0,0,1596100,0,3090000,84000,0,0,0,0,0,0,0,0,0,0,0,0,0,0,0,0,4770100,MEI
2025-05-27,,,0,0,0,0,0,0,0,3554338,0,0,0,0,0,0,0,0,0,0,0,0,0,0,0,0,0,0,0,3554338,MEI
2025-05-27,,,0,0,0,0,0,0,0,0,0,0,0,0,0,0,0,0,0,0,0,0,0,0,0,0,0,100000,0,100000,MEI
2025-05-28,,,0,0,0,0,0,0,0,2783173,0,1120780,714000,0,0,0,0,0,0,0,0,0,0,0,0,0,0,0,0,4617953,MEI
2025-05-28,,,0,0,0,0,0,0,0,0,0,0,0,595000,0,0,0,0,0,0,0,0,0,0,0,0,0,0,0,595000,MEI
2025-06-02,,,0,0,0,0,0,0,0,0,0,0,0,0,0,0,0,0,0,0,0,0,0,0,0,0,0,650000,0,650000,JUNI
2025-06-02,,,0,0,0,0,0,0,0,2291000,0,895000,0,0,0,0,0,0,0,0,0,0,0,0,0,0,0,0,0,3186000,JUNI
2025-06-02,,,0,0,0,0,0,0,0,0,0,0,0,0,0,0,0,0,0,0,0,0,0,0,0,0,0,350000,0,350000,JUNI
2025-06-03,,,0,0,0,0,0,0,0,3700200,0,1257500,0,0,0,0,0,0,0,0,0,0,0,0,0,0,0,0,0,4957700,JUNI
2025-06-03,,,0,0,0,0,0,0,0,0,0,0,0,0,0,0,0,0,0,0,0,0,0,0,0,0,0,550000,0,550000,JUNI
2025-06-03,,,0,0,0,0,0,0,0,0,0,0,0,0,0,0,0,0,0,0,0,0,0,0,0,5500000,0,0,0,5500000,JUNI
2025-06-04,,,0,0,0,485000,0,0,0,0,0,0,0,0,0,0,0,0,0,0,0,0,0,0,0,0,0,0,0,485000,JUNI
2025-06-04,,,0,0,0,0,664250,0,0,0,0,0,0,0,0,0,0,0,0,0,0,0,0,0,0,0,0,0,0,664250,JUNI
2025-06-04,,,0,0,0,0,0,0,0,0,0,0,0,0,0,0,0,0,0,0,0,300000,0,0,0,0,0,0,0,300000,JUNI
2025-06-04,,,0,0,0,0,0,0,0,1939000,70000,128000,78000,0,0,0,0,0,0,0,0,0,0,0,0,0,0,0,0,2215000,JUNI
2025-06-05,,,0,183000,0,0,0,0,0,0,0,0,0,0,0,0,0,0,0,0,0,0,0,0,0,0,0,250000,0,433000,JUNI
2025-06-05,,,0,0,0,0,0,0,0,2701604,0,215468,60000,0,0,0,0,0,0,0,0,0,0,0,0,0,0,0,0,2977072,JUNI
2025-06-10,,,0,0,0,0,0,0,0,0,0,0,0,0,0,0,0,0,0,0,0,0,0,0,0,0,0,300000,0,300000,JUNI
2025-06-10,,,0,0,0,0,0,0,0,3370750,0,4924700,0,0,0,0,0,0,0,0,0,0,0,0,0,0,0,0,0,8295450,JUNI
2025-06-10,,,0,70000,0,0,0,0,0,0,0,0,0,0,0,0,0,0,0,0,0,0,0,0,0,0,0,0,0,70000,JUNI
2025-06-11,,,0,0,0,0,0,0,0,0,0,0,0,0,0,0,0,0,0,0,0,0,0,0,0,0,0,150000,0,150000,JUNI
2025-06-11,,,0,0,0,0,0,0,0,0,0,0,0,0,0,0,0,0,0,0,0,0,0,0,0,0,0,0,0,47000,JUNI
2025-06-11,,,0,0,0,0,0,0,0,1831000,0,1105700,811000,0,0,0,0,0,0,0,0,0,0,0,0,0,0,0,0,3747700,JUNI
2025-06-12,,,0,1500000,0,0,0,0,0,0,0,0,0,0,0,0,0,0,0,0,0,0,0,0,0,0,0,0,0,1500000,JUNI
2025-06-12,,,0,0,0,0,0,0,0,4968500,0,702025,0,0,0,0,0,0,0,0,0,0,0,0,0,0,0,0,0,5670525,JUNI
2025-06-12,,,0,405000,0,0,0,0,0,0,0,0,0,0,0,0,0,0,0,0,0,0,0,0,0,0,0,0,0,405000,JUNI
2025-06-12,,,0,0,0,0,0,0,0,0,0,0,0,0,0,0,0,0,0,0,0,0,0,0,0,0,0,600000,0,600000,JUNI
2025-06-12,,,0,0,0,0,0,0,0,0,0,4136500,0,0,0,0,0,0,0,0,0,0,0,0,0,0,0,0,0,4136500,JUNI
2025-06-13,,,0,150000,0,0,0,0,0,0,0,0,0,0,0,0,0,0,0,0,0,0,0,0,0,0,0,0,0,150000,JUNI
2025-06-13,,,0,0,0,0,0,0,0,0,0,0,0,0,0,0,0,0,0,0,0,0,250000,0,0,0,0,0,0,250000,JUNI
2025-06-13,,,0,0,0,0,0,0,0,0,0,0,0,0,0,0,0,0,0,0,0,0,0,0,0,0,0,200000,0,200000,JUNI
2025-06-13,,,0,0,0,0,0,0,0,3211960,0,0,688000,0,0,0,0,0,0,0,0,0,0,0,0,0,0,0,0,3899960,JUNI
2025-06-13,,,0,0,0,0,0,0,0,0,0,0,0,0,0,0,39186,0,0,0,0,0,0,0,0,0,0,10000,0,49186,JUNI
2025-06-16,,,0,1598000,0,0,0,0,0,0,0,0,0,0,0,0,0,0,0,0,0,0,0,0,0,0,0,150000,0,1748000,JUNI
2025-06-16,,,0,0,0,0,0,0,0,528000,0,2357254,225000,0,0,0,0,0,0,0,0,0,0,0,0,0,0,0,0,3110254,JUNI
2025-06-17,,,0,0,0,0,0,0,0,4246600,0,2755121,0,0,0,0,0,0,0,0,0,0,0,0,0,0,0,0,0,7001721,JUNI
2025-06-17,,,0,0,0,0,0,0,0,0,0,0,0,0,0,0,0,0,0,0,0,0,0,0,0,0,0,700000,0,700000,JUNI
2025-06-18,,,0,36000,0,0,0,0,0,0,0,0,0,0,0,0,0,0,0,0,0,0,0,0,0,0,0,350000,0,386000,JUNI
2025-06-18,,,0,0,0,0,0,0,0,1978240,0,1372321,120000,0,0,0,0,0,0,0,0,0,0,0,0,0,0,0,0,3470561,JUNI
2025-06-19,,,0,30000,0,0,0,0,0,0,0,0,0,0,0,0,0,0,0,0,0,0,0,0,0,0,0,400000,0,430000,JUNI
2025-06-19,,,0,0,0,0,0,0,0,2017800,0,3374084,0,0,0,0,0,0,0,0,0,0,0,0,0,0,0,0,0,5391884,JUNI
2025-06-20,,,0,54000,0,0,0,0,0,0,0,0,0,0,0,0,0,0,0,0,0,0,0,0,0,0,0,200000,0,254000,JUNI
2025-06-20,,,0,0,0,0,0,0,0,4734300,0,172771,0,0,0,0,0,0,0,0,0,0,0,0,0,0,0,0,0,4907071,JUNI
2025-06-23,,,0,59000,0,0,0,0,0,1645000,0,5517827,228000,0,0,0,0,215000,0,0,0,0,0,0,0,0,0,105000,0,7823827,JUNI
2025-06-24,,,0,253000,0,0,0,0,0,4217750,0,0,0,0,0,0,0,0,0,0,0,0,0,0,0,0,0,300000,0,4800750,JUNI
2025-06-25,,,0,1000000,0,0,0,0,0,3339900,0,1545940,996000,0,0,0,0,0,0,0,0,0,0,0,0,0,0,875000,0,7756840,JUNI
2025-06-26,,,0,86000,0,0,0,0,0,1222389,0,2927834,193260,0,0,0,0,0,0,0,0,0,0,0,0,0,0,500000,0,4929483,JUNI
2025-06-26,,,0,98500,0,0,0,0,0,3372500,0,921836,0,0,0,0,0,0,0,0,0,0,0,0,0,0,0,1070000,0,5462836,JUNI
2025-07-01,,,0,130000,0,0,0,0,0,7062640,0,2789083,98000,189000,0,0,0,0,0,0,0,0,0,0,0,0,0,400000,0,10668723,JULI
2025-07-02,,,0,78000,0,0,0,0,0,5339040,0,2124762,120000,0,0,0,0,0,0,0,0,0,0,0,0,0,0,200000,0,7861802,JULI
2025-07-03,,,0,0,0,1350000,312500,0,0,3007492,0,0,0,0,0,0,0,0,0,0,0,0,0,0,0,0,0,450000,0,5119992,JULI
2025-07-04,,,0,174500,0,0,0,0,0,4005220,0,676202,0,0,0,0,39186,0,0,0,0,0,0,0,0,4500000,0,650000,0,10045108,JULI
2025-07-07,,45000,0,161000,0,0,0,0,0,2676011,0,1441830,406000,31000,0,0,0,0,0,0,0,0,0,0,0,0,0,300000,0,5060841,JULI
2025-07-08,,125000,0,0,0,0,0,0,0,4879400,0,0,0,0,0,0,0,0,0,69000,0,0,0,0,0,0,0,550000,0,5623400,JULI
2025-07-09,,0,0,12500,0,0,0,0,0,1834950,0,2719454,0,0,0,0,0,0,0,0,0,0,0,0,0,0,0,150000,0,4716904,JULI
2025-07-10,,90000,0,242500,0,0,0,0,0,647050,0,5606513,390000,0,0,0,0,0,0,0,0,0,0,0,0,0,0,250000,0,7226063,JULI
2025-07-11,,0,0,366000,0,0,0,0,0,3618540,0,176880,0,221000,0,0,0,0,0,0,0,0,0,0,0,0,0,550000,0,4932420,juli
2025-07-14,,187000,0,0,0,0,0,0,0,3436900,0,412500,0,82000,0,0,0,0,0,251367,0,0,0,0,0,0,0,100000,0,4469767,JULI
2025-07-15,,125000,0,100000,0,0,0,0,0,4479200,0,2599000,140000,180000,0,0,0,0,0,0,0,0,0,0,0,0,0,750000,0,8373200,JULI
2025-07-16,,141000,0,0,0,0,0,0,0,4377459,0,2834136,0,0,0,0,0,0,0,0,0,0,0,0,0,0,0,750000,0,8102595,JULI
2025-07-17,,242500,0,145000,0,0,0,0,0,1089449,0,2362400,120000,0,0,0,0,0,0,0,0,0,0,0,0,0,0,350000,0,4309349,juli
2025-07-18,,359000,0,105500,0,0,0,0,0,5206500,0,0,306000,0,0,0,0,0,0,0,0,0,0,0,0,0,0,150000,0,6127000,JULI
2025-07-21,,421500,0,0,0,0,0,0,0,0,0,3506000,0,0,0,0,0,0,0,0,0,0,0,0,0,0,0,150000,0,4077500,juli
2025-07-22,,2190500,0,25000,0,0,0,0,0,1960000,0,3554000,0,0,0,0,0,0,0,0,0,0,0,0,0,0,0,50000,0,7779500,juli
2025-07-23,,304500,0,0,0,0,0,0,0,4294400,0,0,0,0,0,0,0,0,0,0,0,0,0,0,0,0,0,400000,0,4998900,juli
2025-07-24,,142500,0,0,0,0,0,0,0,4398000,0,0,0,50000,0,0,0,0,0,0,0,0,0,0,0,0,0,250000,0,4840500,JULI
2025-07-25,,243500,0,619000,0,0,0,0,0,3685020,0,0,0,0,0,0,0,0,0,0,0,0,0,0,0,0,0,600000,0,5147520,juli
2025-07-28,,829800,0,0,0,0,0,0,0,1927200,0,7422044,0,0,0,0,0,0,0,0,0,0,0,0,0,0,0,450000,0,10629044,juli
2025-07-29,,485500,0,0,0,0,0,0,0,4967100,0,0,0,0,0,0,0,0,0,0,0,0,0,0,0,0,0,450000,0,5902600,juli
2025-07-30,,244000,0,0,0,0,0,0,0,1795908,0,2920704,120000,0,0,0,0,0,0,0,0,0,0,0,0,0,0,250000,0,5330612,juli
2025-07-31,,567000,0,0,0,0,0,0,0,3919100,0,2424251,0,0,0,0,0,0,0,0,0,0,0,0,0,0,0,200000,0,7110351,juli
2025-08-01,,470000,0,0,0,0,0,0,0,2035000,0,5454350,150000,0,0,0,0,105000,0,0,0,300000,0,0,0,0,0,300000,0,8814350,AGUSTUS
2025-08-04,,842500,0,0,0,1050000,1010000,0,0,1895000,0,406500,270000,0,0,0,0,0,0,0,0,0,0,0,0,5500000,0,350000,0,11324000,AGUSTUS
2025-08-05,,3765500,0,0,0,0,0,0,0,2541800,0,8419864,758000,0,0,0,0,0,0,0,0,0,0,0,0,0,0,350000,0,15835164,AGUSTUS
2025-08-06,,382500,0,0,0,0,0,0,0,3592751,0,511115,0,0,0,0,0,0,0,0,0,0,0,0,0,0,0,800000,0,5286366,AGUSTUS
2025-08-07,,445500,0,0,0,0,0,0,0,3573500,0,721033,420000,0,0,0,0,0,0,0,0,0,0,0,0,0,0,400000,0,5560033,AGUSTUS
2025-08-08,,516500,0,0,0,0,0,0,0,3907000,0,665700,756000,0,0,0,0,0,0,0,0,0,0,0,0,0,0,450000,0,6295200,AGUSTUS
2025-08-11,,483000,0,0,0,0,0,0,0,2857700,0,764500,42000,0,0,0,0,0,0,0,0,0,0,0,0,0,0,350000,0,4497200,AGUSTUS
2025-08-12,,509000,0,0,0,0,0,0,0,10316500,0,4822500,0,0,0,0,0,0,0,0,0,0,0,0,0,0,0,300000,0,15948000,AGUSTUS
2025-08-13,,420500,0,0,0,0,0,0,0,2114500,0,2261500,0,0,0,0,0,0,0,0,0,0,0,0,0,0,0,200000,0,4996500,AGUSTUS
2025-08-14,,376500,0,0,0,0,0,0,0,5765300,0,804500,150000,48000,0,0,0,0,0,0,0,0,0,0,0,0,0,300000,0,7444300,AGUSTUS
2025-08-15,,342000,0,0,0,0,0,0,0,4496400,0,1912000,0,0,0,0,0,0,0,0,0,0,0,0,0,0,0,400000,0,7150400,AGUSTUS
2025-08-19,,322500,0,0,0,0,0,0,0,7386500,0,3795900,0,0,0,0,0,0,0,0,0,0,0,0,0,0,0,600000,0,12104900,AGUSTUS
2025-08-20,,465000,0,0,0,0,0,0,0,2030000,0,589000,154000,0,0,0,0,0,0,0,0,0,0,0,0,0,0,600000,0,3838000,AGUSTUS
2025-08-21,,355500,0,0,0,0,0,0,0,2045300,0,320229,0,0,0,0,0,0,0,0,0,0,0,0,0,0,0,750000,0,3471029,AGUSTUS
2025-08-22,,383750,0,0,0,0,0,0,0,2814200,0,6460050,567100,0,0,0,0,0,0,0,0,0,0,0,0,0,0,250000,0,10475100,AGUSTUS
2025-08-25,,393000,0,0,0,0,0,0,0,2199500,0,2894400,1373000,0,0,0,0,0,0,0,0,0,0,0,0,0,0,200000,0,7059900,AGUSTUS
2025-08-26,,299000,0,0,0,0,0,0,0,4418150,0,2509900,208000,0,0,0,0,0,0,0,0,0,0,0,0,0,0,250000,0,7685050,AGUSTUS
2025-08-27,,734000,0,0,0,0,0,0,0,3231450,0,968000,0,0,0,0,0,0,0,0,0,0,0,0,0,0,0,300000,0,5233450,AGUSTUS
2025-08-28,,163500,0,0,0,0,0,0,0,7309145,0,881850,150000,0,0,0,39186,165000,0,0,0,0,0,0,0,0,300000,250000,0,9438681,AGUSTUS
2025-08-29,,403500,0,0,0,0,0,0,0,3419700,0,7205700,0,0,0,0,0,0,0,0,0,300000,100000,0,0,0,0,300000,0,11728900,AGUSTUS
2025-09-02,,455000,0,0,0,0,0,0,0,1551000,0,3942000,0,0,0,0,0,0,0,0,0,0,0,0,0,0,0,150000,0,6098000,SEPTEMBER
2025-09-03,,533000,0,0,0,0,0,0,0,3035800,0,1648000,0,0,0,0,0,0,0,0,0,0,0,0,0,0,0,1100000,0,6316800,SEPTEMBER
2025-09-04,,953000,0,0,0,0,0,0,0,2369000,0,531545,162500,39000,0,0,0,0,0,0,0,0,0,0,0,0,0,400000,0,4455045,SEPTEMBER
2025-09-08,,530500,0,0,0,1900000,883650,0,0,9813400,0,794694,170000,0,0,0,39186,0,0,0,0,0,0,0,0,5500000,0,250000,0,19881430,SEPTEMBER
2025-09-09,,249000,0,0,0,0,0,0,0,5081800,0,0,365000,0,0,0,0,0,0,0,0,0,0,0,0,0,0,300000,0,5995800,SEPTEMBER
2025-09-10,,514000,0,0,0,0,0,0,0,1959644,0,1911342,0,0,0,0,0,0,0,0,0,0,0,0,0,0,0,350000,0,4734986,SEPTEMBER
2025-09-11,,391000,0,0,0,0,0,0,0,1453852,0,2037800,0,0,0,0,0,0,0,0,0,0,0,0,0,0,0,1350000,0,5232652,SEPTEMBER
2025-09-12,,646000,0,0,0,0,0,0,0,3906000,0,6562998,0,0,0,0,0,0,0,0,0,0,0,0,0,0,0,500000,0,11614998,SEPTEMBER
2025-09-15,,591500,0,0,0,0,0,0,0,5591200,0,0,960000,0,0,0,0,0,0,0,0,0,0,0,0,0,0,400000,0,7542700,SEPTEMBER
2025-09-16,,663500,0,0,0,0,0,0,0,5806900,0,401500,0,0,0,0,0,0,0,0,0,0,0,0,0,0,0,600000,0,7471900,SEPTEMBER
2025-09-17,,653000,0,0,0,0,0,0,0,3666819,0,1566852,0,0,0,0,0,142500,0,0,0,0,0,0,0,0,0,600000,0,6629171,SEPTEMBER
2025-09-18,,793500,0,0,0,0,0,0,0,5154855,0,1454000,0,0,0,0,0,0,0,0,0,0,0,0,0,0,0,550000,0,7952355,SEPTEMBER
2025-09-19,,203500,0,0,0,0,0,0,0,10895500,0,0,0,0,0,0,0,0,0,0,0,0,0,0,0,0,0,200000,0,11299000,SEPTEMBER
2025-09-22,,851000,0,0,0,0,0,0,0,3883095,0,0,309000,0,0,0,0,0,0,0,0,0,0,0,0,0,0,450000,0,5493095,SEPTEMBER
2025-09-23,,802000,0,0,0,0,0,0,0,15686350,0,0,650000,0,0,0,0,0,0,0,0,0,0,0,0,0,0,500000,0,17638350,SEPTEMBER
2025-09-24,,806000,0,0,0,0,0,0,0,2188500,0,145731,2306000,0,0,0,0,0,0,0,0,0,0,0,0,0,0,650000,0,6096231,SEPTEMBER
2025-09-25,,428000,0,0,0,0,0,0,0,7610200,0,0,0,0,0,0,0,0,0,0,0,0,0,0,0,0,0,300000,0,8338200,SEPTEMBER
2025-09-26,,214500,0,0,0,0,0,0,0,5948500,0,0,0,0,0,0,0,0,0,0,415000,0,0,0,0,0,0,150000,0,6728000,SEPTEMBER
2025-09-29,,566500,0,0,0,0,0,0,0,7505905,0,0,74000,0,0,0,0,0,0,0,0,0,0,0,0,0,0,450000,0,8596405,SEPTEMBER
2025-09-30,,643000,0,0,0,0,0,0,0,6828250,0,1991200,0,0,0,0,0,0,0,0,0,0,0,0,0,0,0,250000,0,9712450,SEPTEMBER
2025-10-01,,621000,0,0,0,2000000,1241750,0,0,0,0,0,570000,0,0,0,0,0,0,0,0,300000,0,0,0,3000000,0,150000,0,7882750,OKTOBER
2025-10-02,,408500,0,0,0,0,0,0,0,2978990,1149000,2221400,0,0,0,0,0,0,0,0,0,0,0,0,0,0,0,200000,0,6957890,OKTOBER
2025-10-03,,672500,0,0,0,0,0,0,0,5206200,0,1320192,0,0,0,0,0,0,0,0,0,0,0,0,0,0,0,350000,0,7548892,OKTOBER
2025-10-06,,483000,0,0,0,0,0,0,0,5702000,0,2613000,0,0,0,0,0,0,0,0,0,0,0,0,0,0,0,400000,0,9198000,OKTOBER
2025-10-07,,562000,0,0,0,0,0,0,0,7761100,0,0,0,0,0,0,0,0,0,0,0,0,0,0,0,0,0,400000,0,8723100,OKTOBER
2025-10-08,,581000,0,0,0,0,0,0,0,4091900,0,0,0,0,0,0,0,0,0,0,0,0,0,0,0,0,0,300000,0,4972900,OKTOBER
2025-10-09,,941500,0,0,0,0,0,0,0,1692200,0,6524000,0,0,0,0,39186,0,0,0,0,0,0,0,0,0,0,150000,0,9346886,OKTOBER
2025-10-10,,368500,0,0,0,0,0,0,0,6348900,0,846250,0,0,0,0,0,0,0,0,0,0,0,0,0,0,0,350000,0,7913650,OKTOBER
2025-10-13,,822000,0,0,0,0,0,0,0,1208500,0,0,1184000,0,0,0,0,0,0,0,0,0,0,0,0,0,0,400000,5367000,8981500,OKTOBER
2025-10-14,,305500,0,0,0,0,0,0,0,10305113,0,5430313,838000,0,0,0,0,0,0,0,0,0,0,0,0,0,0,50000,0,16928926,OKTOBER
2025-10-15,,699000,0,0,0,0,0,0,0,2700800,0,1066714,0,0,0,0,0,0,0,0,0,0,0,0,0,0,0,200000,0,4666514,OKTOBER
2025-10-16,,386000,0,0,0,0,0,0,0,2500000,0,1714400,1951000,0,0,0,0,0,0,0,0,0,0,0,0,0,0,100000,0,6651400,OKTOBER
2025-10-17,,363000,0,0,0,0,0,0,0,4700800,0,0,0,0,0,0,0,0,0,0,0,0,0,0,0,0,0,100000,0,5163800,OKTOBER
2025-10-20,,852000,0,0,0,0,0,0,0,7010100,0,1603582,0,0,0,0,0,374000,0,0,0,0,0,0,0,0,0,200000,0,10039682,OKTOBER
2025-10-21,,694000,0,0,0,0,0,0,0,5549900,0,242611,65000,0,0,0,0,0,0,0,0,0,0,0,0,0,0,0,0,6551511,OKTOBER
2025-10-22,,502000,0,0,0,0,0,0,0,4682890,0,0,0,0,0,0,0,0,0,0,0,0,0,0,0,0,0,100000,0,5325890,OKTOBER
2025-10-23,,539000,0,0,0,0,0,0,0,7079500,0,0,0,0,0,0,0,0,0,0,0,0,0,0,0,0,0,150000,0,7768500,OKTOBER
2025-10-24,,583000,0,0,0,0,0,0,0,21463090,0,0,135000,0,0,0,0,0,0,0,0,0,0,0,0,0,0,300000,7000000,29481090,OKTOBER
2025-10-27,,914000,0,0,0,0,0,0,0,2638000,0,2430200,2272000,40500,0,0,0,0,0,0,0,0,0,0,0,0,0,50000,0,8344700,OKTOBER
2025-10-28,,394500,0,0,0,0,0,0,0,10408400,0,1549100,475800,0,0,0,0,0,0,0,0,0,0,0,0,0,0,0,0,12827800,OKTOBER
2025-10-28,,41996050,0,8691500,0,0,0,0,312081310,793223241,10763000,293062671.3,45397002,2975000,0,124000,391816,2174300,0,320367,415000,2400000,375000,0,0,60572000,300000,89018000,12367000,1694790157,
2025-10-28,,,,,26899400,,,,,,,,,,,,,,,,,,,,,,,,,,
2025-10-28,,,,,26899400,,,,,,,,,,,,,,,,,,,,,,,,,,