TANGGAL,Cash_Inflow,Cash_Outflow,Net_Cashflow,Net_Cashflow_lag_1,Cash_Inflow_lag_1,Cash_Outflow_lag_1,Net_Cashflow_lag_2,Cash_Inflow_lag_2,Cash_Outflow_lag_2,Net_Cashflow_lag_3,Cash_Inflow_lag_3,Cash_Outflow_lag_3,Net_Cashflow_lag_7,Cash_Inflow_lag_7,Cash_Outflow_lag_7,Net_Cashflow_roll_mean_7,Net_Cashflow_roll_std_7,Net_Cashflow_roll_mean_30,Net_Cashflow_roll_std_30,Day_of_Week,Day_of_Month,Month_Num,Is_Weekend
2025-02-01,0.0,0.0,0.0,715500.0,4263500.0,3548000.0,1143450.0,9783500.0,8640050.0,0.0,0.0,0.0,0.0,0.0,0.0,265564.28571428574,470061.5958877851,-308440.1666666667,3843883.112822341,5,1,2,1
2025-02-02,0.0,0.0,0.0,0.0,0.0,0.0,715500.0,4263500.0,3548000.0,1143450.0,9783500.0,8640050.0,0.0,0.0,0.0,265564.28571428574,470061.5958877851,-368743.5,3823654.8159059207,6,2,2,1
2025-02-03,4859000.0,700000.0,4159000.0,0.0,0.0,0.0,0.0,0.0,0.0,715500.0,4263500.0,3548000.0,0.0,0.0,0.0,265564.28571428574,470061.5958877851,-311243.5,3815517.7755012563,0,3,2,0
2025-02-04,9733200.0,5242000.0,4491200.0,4159000.0,4859000.0,700000.0,0.0,0.0,0.0,0.0,0.0,0.0,0.0,0.0,0.0,859707.1428571428,1524413.7972864,-172610.16666666666,3901797.681880363,1,4,2,0
2025-02-05,4248500.0,3446000.0,802500.0,4491200.0,9733200.0,5242000.0,4159000.0,4859000.0,700000.0,0.0,0.0,0.0,0.0,0.0,0.0,1501307.142857143,1979482.8715324805,-22903.5,3993726.536401705,2,5,2,0
2025-02-06,4156000.0,450000.0,3706000.0,802500.0,4248500.0,3446000.0,4491200.0,9733200.0,5242000.0,4159000.0,4859000.0,700000.0,1143450.0,9783500.0,8640050.0,1615950.0,1899671.9903271014,2138.1666666666665,3996561.7870924585,3,6,2,0
2025-02-07,11581500.0,29792400.0,-18210900.0,3706000.0,4156000.0,450000.0,802500.0,4248500.0,3446000.0,4491200.0,9733200.0,5242000.0,715500.0,4263500.0,3548000.0,1982028.5714285714,2035496.6688863963,128408.16666666667,4053248.379910145,4,7,2,0
2025-02-08,0.0,0.0,0.0,-18210900.0,11581500.0,29792400.0,3706000.0,4156000.0,450000.0,802500.0,4248500.0,3446000.0,0.0,0.0,0.0,-721742.8571428572,7956518.189898801,-396671.8333333333,5245039.398377001,5,8,2,1
2025-02-09,0.0,0.0,0.0,0.0,0.0,0.0,-18210900.0,11581500.0,29792400.0,3706000.0,4156000.0,450000.0,0.0,0.0,0.0,-721742.8571428572,7956518.189898801,-608845.1666666666,5088481.3213594025,6,9,2,1
2025-02-10,4859500.0,3758850.0,1100650.0,0.0,0.0,0.0,0.0,0.0,0.0,-18210900.0,11581500.0,29792400.0,4159000.0,4859000.0,700000.0,-721742.8571428572,7956518.189898801,-658246.8333333334,5074657.306845806,0,10,2,0
2025-02-11,7361000.0,13399173.0,-6038173.0,1100650.0,4859500.0,3758850.0,0.0,0.0,0.0,0.0,0.0,0.0,4491200.0,9733200.0,5242000.0,-1158650.0,7724423.820637586,-621558.5,5083551.245958891,1,11,2,0
2025-02-12,4776000.0,8163620.0,-3387620.0,-6038173.0,7361000.0,13399173.0,1100650.0,4859500.0,3758850.0,0.0,0.0,0.0,802500.0,4248500.0,3446000.0,-2662846.1428571427,7461579.7880065255,-822830.9333333333,5176772.942135983,2,12,2,0
2025-02-13,0.0,0.0,0.0,-3387620.0,4776000.0,8163620.0,-6038173.0,7361000.0,13399173.0,1100650.0,4859500.0,3758850.0,3706000.0,4156000.0,450000.0,-3261434.714285714,7303646.953246414,-930881.6,5195954.309951008,3,13,2,0
2025-02-14,4170000.0,4840000.0,-670000.0,0.0,0.0,0.0,-3387620.0,4776000.0,8163620.0,-6038173.0,7361000.0,13399173.0,-18210900.0,11581500.0,29792400.0,-3790863.285714286,6833609.350335952,-803270.9333333333,5169283.120263742,4,14,2,0
2025-02-15,0.0,0.0,0.0,-670000.0,4170000.0,4840000.0,0.0,0.0,0.0,-3387620.0,4776000.0,8163620.0,0.0,0.0,0.0,-1285020.4285714286,2517832.7437139247,-1032256.9333333333,4997682.061499456,5,15,2,1
2025-02-16,0.0,0.0,0.0,0.0,0.0,0.0,-670000.0,4170000.0,4840000.0,0.0,0.0,0.0,0.0,0.0,0.0,-1285020.4285714286,2517832.7437139247,-791982.1666666666,4861952.0176039925,6,16,2,1
2025-02-17,3648000.0,2646400.0,1001600.0,0.0,0.0,0.0,0.0,0.0,0.0,-670000.0,4170000.0,4840000.0,1100650.0,4859500.0,3758850.0,-1285020.4285714286,2517832.7437139247,-775252.1666666666,4863847.762068991,0,17,2,0
2025-02-18,17303000.0,5289300.0,12013700.0,1001600.0,3648000.0,2646400.0,0.0,0.0,0.0,0.0,0.0,0.0,-6038173.0,7361000.0,13399173.0,-1299170.4285714286,2502422.106180595,-741865.5,4872782.198051766,1,18,2,0
2025-02-19,4325000.0,6606300.0,-2281300.0,12013700.0,17303000.0,5289300.0,1001600.0,3648000.0,2646400.0,0.0,0.0,0.0,-3387620.0,4776000.0,8163620.0,1279668.5714285714,4929404.932739276,-341408.8333333333,5400891.7037972165,2,19,2,0
2025-02-20,3812500.0,4833800.0,-1021300.0,-2281300.0,4325000.0,6606300.0,12013700.0,17303000.0,5289300.0,1001600.0,3648000.0,2646400.0,0.0,0.0,0.0,1437714.2857142857,4769980.142666068,-512245.6,5377672.076722845,3,20,2,0
2025-02-21,0.0,0.0,0.0,-1021300.0,3812500.0,4833800.0,-2281300.0,4325000.0,6606300.0,12013700.0,17303000.0,5289300.0,-670000.0,4170000.0,4840000.0,1291814.2857142857,4836441.263790481,-596274.9333333333,5364831.900344624,4,21,2,0
2025-02-22,0.0,0.0,0.0,0.0,0.0,0.0,-1021300.0,3812500.0,4833800.0,-2281300.0,4325000.0,6606300.0,0.0,0.0,0.0,1387528.5714285714,4797619.633288399,-556818.2666666667,5364715.46624906,5,22,2,1
2025-02-23,0.0,0.0,0.0,0.0,0.0,0.0,0.0,0.0,0.0,-1021300.0,3812500.0,4833800.0,0.0,0.0,0.0,1387528.5714285714,4797619.633288399,-614268.2666666667,5348658.127206861,6,23,2,1
2025-02-24,8343200.0,2464700.0,5878500.0,0.0,0.0,0.0,0.0,0.0,0.0,0.0,0.0,0.0,1001600.0,3648000.0,2646400.0,1387528.5714285714,4797619.633288399,-82523.1,4496258.990141122,0,24,2,0
2025-02-25,7208000.0,12083630.0,-4875630.0,5878500.0,8343200.0,2464700.0,0.0,0.0,0.0,0.0,0.0,0.0,12013700.0,17303000.0,5289300.0,2084228.5714285714,5078140.607123272,113426.9,4626196.384116709,1,25,2,0
2025-02-26,5161355.0,4435000.0,726355.0,-4875630.0,7208000.0,12083630.0,5878500.0,8343200.0,2464700.0,0.0,0.0,0.0,-2281300.0,4325000.0,6606300.0,-328532.85714285716,3261399.9207738754,-49094.1,4715106.052029184,2,26,2,0
2025-02-27,3142600.0,51872425.0,-48729825.0,726355.0,5161355.0,4435000.0,-4875630.0,7208000.0,12083630.0,5878500.0,8343200.0,2464700.0,-1021300.0,3812500.0,4833800.0,101132.14285714286,3157730.763557195,-24882.266666666666,4717231.26005521,3,27,2,0
2025-02-28,56327673.0,665000.0,55662673.0,-48729825.0,3142600.0,51872425.0,726355.0,5161355.0,4435000.0,-4875630.0,7208000.0,12083630.0,0.0,0.0,0.0,-6714371.428571428,18787728.62135387,-1649209.7666666666,10065875.237784784,4,28,2,0
2025-03-01,0.0,0.0,0.0,55662673.0,56327673.0,665000.0,-48729825.0,3142600.0,51872425.0,726355.0,5161355.0,4435000.0,0.0,0.0,0.0,1237439.0,30334431.330358557,206212.66666666666,14523450.390363326,5,1,3,1
2025-03-02,0.0,0.0,0.0,0.0,0.0,0.0,55662673.0,56327673.0,665000.0,-48729825.0,3142600.0,51872425.0,0.0,0.0,0.0,1237439.0,30334431.330358557,168097.66666666666,14522406.294919899,6,2,3,1
2025-03-03,7815700.0,6933650.0,882050.0,0.0,0.0,0.0,0.0,0.0,0.0,55662673.0,56327673.0,665000.0,5878500.0,8343200.0,2464700.0,1237439.0,30334431.330358557,144247.66666666666,14522063.827017512,0,3,3,0
2025-03-04,1991000.0,6584500.0,-4593500.0,882050.0,7815700.0,6933650.0,0.0,0.0,0.0,0.0,0.0,0.0,-4875630.0,7208000.0,12083630.0,523660.4285714286,30265731.00612258,173649.33333333334,14522654.605865581,1,4,3,0
2025-03-05,8446500.0,7437200.0,1009300.0,-4593500.0,1991000.0,6584500.0,882050.0,7815700.0,6933650.0,0.0,0.0,0.0,726355.0,5161355.0,4435000.0,563964.7142857143,30257529.263202585,20532.666666666668,14548740.465099394,2,5,3,0
2025-03-06,12900500.0,780700.0,12119800.0,1009300.0,8446500.0,7437200.0,-4593500.0,1991000.0,6584500.0,882050.0,7815700.0,6933650.0,-48729825.0,3142600.0,51872425.0,604385.4285714285,30257971.34297608,-84457.33333333333,14529197.341751486,3,6,3,0
2025-03-07,2473000.0,6491950.0,-4018950.0,12119800.0,12900500.0,780700.0,1009300.0,8446500.0,7437200.0,-4593500.0,1991000.0,6584500.0,55662673.0,56327673.0,665000.0,9297189.0,21067572.21962774,169829.33333333334,14678035.540164925,4,7,3,0
2025-03-08,0.0,250000.0,-250000.0,-4018950.0,2473000.0,6491950.0,12119800.0,12900500.0,780700.0,1009300.0,8446500.0,7437200.0,0.0,0.0,0.0,771242.8571428572,5504161.20270449,9114.333333333334,14697252.632105635,5,8,3,1
2025-03-09,0.0,0.0,0.0,-250000.0,0.0,250000.0,-4018950.0,2473000.0,6491950.0,12119800.0,12900500.0,780700.0,0.0,0.0,0.0,735528.5714285715,5510806.597484723,-122752.33333333333,14680677.336974265,6,9,3,1
2025-03-10,5759500.0,1696000.0,4063500.0,0.0,0.0,0.0,-250000.0,0.0,250000.0,-4018950.0,2473000.0,6491950.0,882050.0,7815700.0,6933650.0,735528.5714285715,5510806.597484723,484277.6666666667,14277937.821489567,0,10,3,0
2025-03-11,4465600.0,2787000.0,1678600.0,4063500.0,5759500.0,1696000.0,0.0,0.0,0.0,-250000.0,0.0,250000.0,-4593500.0,1991000.0,6584500.0,1190021.4285714286,5654230.202973211,619727.6666666666,14292452.374174502,1,11,3,0
2025-03-12,4980200.0,1660000.0,3320200.0,1678600.0,4465600.0,2787000.0,4063500.0,5759500.0,1696000.0,0.0,0.0,0.0,1009300.0,8446500.0,7437200.0,2086035.7142857143,5049614.058413649,675681.0,14293228.293128857,2,12,3,0
2025-03-13,10725400.0,1736000.0,8989400.0,3320200.0,4980200.0,1660000.0,1678600.0,4465600.0,2787000.0,4063500.0,5759500.0,1696000.0,12119800.0,12900500.0,780700.0,2416164.285714286,5043023.570629901,749666.0,14301246.081263915,3,13,3,0
2025-03-14,484700.0,11393450.0,-10908750.0,8989400.0,10725400.0,1736000.0,3320200.0,4980200.0,1660000.0,1678600.0,4465600.0,2787000.0,-4018950.0,2473000.0,6491950.0,1968964.2857142857,4087368.493370206,1250585.1,14318464.573563768,4,14,3,0
2025-03-15,0.0,0.0,0.0,-10908750.0,484700.0,11393450.0,8989400.0,10725400.0,1736000.0,3320200.0,4980200.0,1660000.0,-250000.0,0.0,250000.0,984707.1428571428,6102438.85770468,999880.7666666667,14467544.304919537,5,15,3,1
2025-03-16,0.0,0.0,0.0,0.0,0.0,0.0,-10908750.0,484700.0,11393450.0,8989400.0,10725400.0,1736000.0,0.0,0.0,0.0,1020421.4285714285,6094735.131369353,999880.7666666667,14467544.304919537,6,16,3,1
2025-03-17,11436600.0,4317400.0,7119200.0,0.0,0.0,0.0,0.0,0.0,0.0,-10908750.0,484700.0,11393450.0,4063500.0,5759500.0,1696000.0,1020421.4285714285,6094735.131369353,1022214.1,14465394.620967101,0,17,3,0
2025-03-18,7359700.0,2859500.0,4500200.0,7119200.0,11436600.0,4317400.0,0.0,0.0,0.0,0.0,0.0,0.0,1678600.0,4465600.0,2787000.0,1456950.0,6448199.366812944,1259520.7666666666,14506384.428512659,1,18,3,0
2025-03-19,1450000.0,6196500.0,-4746500.0,4500200.0,7359700.0,2859500.0,7119200.0,11436600.0,4317400.0,0.0,0.0,0.0,3320200.0,4980200.0,1660000.0,1860035.7142857143,6551724.2721995525,1409527.4333333333,14516175.324831787,2,19,3,0
2025-03-20,2163500.0,3598000.0,-1434500.0,-4746500.0,1450000.0,6196500.0,4500200.0,7359700.0,2859500.0,7119200.0,11436600.0,4317400.0,8989400.0,10725400.0,1736000.0,707650.0,6949446.383166086,1217924.1,14559615.793558558,3,20,3,0
2025-03-21,8444800.0,9527800.0,-1083000.0,-1434500.0,2163500.0,3598000.0,-4746500.0,1450000.0,6196500.0,4500200.0,7359700.0,2859500.0,-10908750.0,484700.0,11393450.0,-781478.5714285715,5919568.205526577,769650.7666666667,14422143.004597863,4,21,3,0
2025-03-22,0.0,0.0,0.0,-1083000.0,8444800.0,9527800.0,-1434500.0,2163500.0,3598000.0,-4746500.0,1450000.0,6196500.0,0.0,0.0,0.0,622200.0,3957794.4257713603,809594.1,14415059.422764761,5,22,3,1
2025-03-23,0.0,0.0,0.0,0.0,0.0,0.0,-1083000.0,8444800.0,9527800.0,-1434500.0,2163500.0,3598000.0,0.0,0.0,0.0,622200.0,3957794.4257713603,843637.4333333333,14411791.996113919,6,23,3,1
2025-03-24,8426900.0,6775000.0,1651900.0,0.0,0.0,0.0,0.0,0.0,0.0,-1083000.0,8444800.0,9527800.0,7119200.0,11436600.0,4317400.0,622200.0,3957794.4257713603,843637.4333333333,14411791.996113919,0,24,3,0
2025-03-25,5664000.0,1061000.0,4603000.0,1651900.0,8426900.0,6775000.0,0.0,0.0,0.0,0.0,0.0,0.0,4500200.0,7359700.0,2859500.0,-158842.85714285713,2844992.612091872,898700.7666666667,14411613.268203795,1,25,3,0
2025-03-26,1250000.0,2181500.0,-931500.0,4603000.0,5664000.0,1061000.0,1651900.0,8426900.0,6775000.0,0.0,0.0,0.0,-4746500.0,1450000.0,6196500.0,-144157.14285714287,2873176.3821348194,1052134.1,14426210.854438068,2,26,3,0
2025-03-27,4681500.0,8800000.0,-4118500.0,-931500.0,1250000.0,2181500.0,4603000.0,5664000.0,1061000.0,1651900.0,8426900.0,6775000.0,-1434500.0,2163500.0,3598000.0,400842.85714285716,2116995.8721871255,825134.1,14401204.876947284,3,27,3,0
2025-03-28,0.0,0.0,0.0,-4118500.0,4681500.0,8800000.0,-931500.0,1250000.0,2181500.0,4603000.0,5664000.0,1061000.0,-1083000.0,8444800.0,9527800.0,17414.285714285714,2674474.506283822,850371.7666666667,14391530.140691789,4,28,3,0
2025-03-29,0.0,0.0,0.0,0.0,0.0,0.0,-4118500.0,4681500.0,8800000.0,-931500.0,1250000.0,2181500.0,0.0,0.0,0.0,172128.57142857142,2631182.224599392,826159.9333333333,14392356.950969754,5,29,3,1
2025-03-30,0.0,0.0,0.0,0.0,0.0,0.0,0.0,0.0,0.0,-4118500.0,4681500.0,8800000.0,0.0,0.0,0.0,172128.57142857142,2631182.224599392,2450487.433333333,10943100.364794014,6,30,3,1
2025-03-31,0.0,0.0,0.0,0.0,0.0,0.0,0.0,0.0,0.0,0.0,0.0,0.0,1651900.0,8426900.0,6775000.0,172128.57142857142,2631182.224599392,595065.0,4331052.057907147,0,31,3,0
2025-04-01,0.0,0.0,0.0,0.0,0.0,0.0,0.0,0.0,0.0,0.0,0.0,0.0,4603000.0,5664000.0,1061000.0,-63857.142857142855,2549143.6260420214,595065.0,4331052.057907147,1,1,4,0
2025-04-02,0.0,0.0,0.0,0.0,0.0,0.0,0.0,0.0,0.0,0.0,0.0,0.0,-931500.0,1250000.0,2181500.0,-721428.5714285715,1537667.0757073767,595065.0,4331052.057907147,2,2,4,0
2025-04-03,0.0,0.0,0.0,0.0,0.0,0.0,0.0,0.0,0.0,0.0,0.0,0.0,-4118500.0,4681500.0,8800000.0,-588357.1428571428,1556646.682088563,565663.3333333334,4332030.479342687,3,3,4,0
2025-04-04,0.0,0.0,0.0,0.0,0.0,0.0,0.0,0.0,0.0,0.0,0.0,0.0,0.0,0.0,0.0,0.0,0.0,718780.0,4223202.827088008,4,4,4,0
2025-04-05,0.0,0.0,0.0,0.0,0.0,0.0,0.0,0.0,0.0,0.0,0.0,0.0,0.0,0.0,0.0,0.0,0.0,685136.6666666666,4224828.533736165,5,5,4,1
2025-04-06,0.0,0.0,0.0,0.0,0.0,0.0,0.0,0.0,0.0,0.0,0.0,0.0,0.0,0.0,0.0,0.0,0.0,281143.3333333333,3631508.0763471695,6,6,4,1
2025-04-07,0.0,0.0,0.0,0.0,0.0,0.0,0.0,0.0,0.0,0.0,0.0,0.0,0.0,0.0,0.0,0.0,0.0,415108.3333333333,3540395.05203828,0,7,4,0
2025-04-08,10178500.0,10695200.0,-516700.0,0.0,0.0,0.0,0.0,0.0,0.0,0.0,0.0,0.0,0.0,0.0,0.0,0.0,0.0,423441.6666666667,3539069.520760082,1,8,4,0
2025-04-09,4172000.0,6974600.0,-2802600.0,-516700.0,10178500.0,10695200.0,0.0,0.0,0.0,0.0,0.0,0.0,0.0,0.0,0.0,-73814.28571428571,195294.24320386772,406218.3333333333,3542456.985465941,2,9,4,0
2025-04-10,2862700.0,7387700.0,-4525000.0,-2802600.0,4172000.0,6974600.0,-516700.0,10178500.0,10695200.0,0.0,0.0,0.0,0.0,0.0,0.0,-474185.71428571426,1044635.5830760176,177348.33333333334,3519749.231479017,3,10,4,0
2025-04-11,5137600.0,20900000.0,-15762400.0,-4525000.0,2862700.0,7387700.0,-2802600.0,4172000.0,6974600.0,-516700.0,10178500.0,10695200.0,0.0,0.0,0.0,-1120614.2857142857,1816899.1904052459,-29438.333333333332,3609594.047470105,4,11,4,0
2025-04-12,0.0,0.0,0.0,-15762400.0,5137600.0,20900000.0,-4525000.0,2862700.0,7387700.0,-2802600.0,4172000.0,6974600.0,0.0,0.0,0.0,-3372385.714285714,5736426.392923435,-665525.0,4556214.872070252,5,12,4,1
2025-04-13,0.0,0.0,0.0,0.0,0.0,0.0,-15762400.0,5137600.0,20900000.0,-4525000.0,2862700.0,7387700.0,0.0,0.0,0.0,-3372385.714285714,5736426.392923435,-965171.6666666666,4179364.0329535077,6,13,4,1
2025-04-14,3945000.0,9054760.0,-5109760.0,0.0,0.0,0.0,0.0,0.0,0.0,-15762400.0,5137600.0,20900000.0,0.0,0.0,0.0,-3372385.714285714,5736426.392923435,-601546.6666666666,3735364.7282319763,0,14,4,0
2025-04-15,6574000.0,3596645.0,2977355.0,-5109760.0,3945000.0,9054760.0,0.0,0.0,0.0,0.0,0.0,0.0,-516700.0,10178500.0,10695200.0,-4102351.4285714286,5558103.108121896,-771872.0,3822471.431191949,1,15,4,0
2025-04-16,6136000.0,26790360.0,-20654360.0,2977355.0,6574000.0,3596645.0,-5109760.0,3945000.0,9054760.0,0.0,0.0,0.0,-2802600.0,4172000.0,6974600.0,-3603200.714285714,6067349.062284415,-672626.8333333334,3881400.2807644154,2,16,4,0
2025-04-17,5076500.0,0.0,5076500.0,-20654360.0,6136000.0,26790360.0,2977355.0,6574000.0,3596645.0,-5109760.0,3945000.0,9054760.0,-4525000.0,2862700.0,7387700.0,-6153452.142857143,8807676.0357296,-1598412.1666666667,5084586.296827807,3,17,4,0
2025-04-18,0.0,0.0,0.0,5076500.0,5076500.0,0.0,-20654360.0,6136000.0,26790360.0,2977355.0,6574000.0,3596645.0,-15762400.0,5137600.0,20900000.0,-4781809.285714285,9795756.587749459,-1579202.1666666667,5109449.757260406,4,18,4,0
2025-04-19,0.0,0.0,0.0,0.0,0.0,0.0,5076500.0,5076500.0,0.0,-20654360.0,6136000.0,26790360.0,0.0,0.0,0.0,-2530037.8571428573,8588171.016027344,-1420985.5,5081402.726328144,5,19,4,1
2025-04-20,0.0,0.0,0.0,0.0,0.0,0.0,0.0,0.0,0.0,5076500.0,5076500.0,0.0,0.0,0.0,0.0,-2530037.8571428573,8588171.016027344,-1373168.8333333333,5088016.280634616,6,20,4,1
2025-04-21,20008272.0,0.0,20008272.0,0.0,0.0,0.0,0.0,0.0,0.0,0.0,0.0,0.0,-5109760.0,3945000.0,9054760.0,-2530037.8571428573,8588171.016027344,-1337068.8333333333,5093984.548671733,0,21,4,0
2025-04-22,6227000.0,21063652.0,-14836652.0,20008272.0,20008272.0,0.0,0.0,0.0,0.0,0.0,0.0,0.0,2977355.0,6574000.0,3596645.0,1058252.4285714286,11928465.555577323,-670126.4333333333,6413894.228775439,1,22,4,0
2025-04-23,6295500.0,0.0,6295500.0,-14836652.0,6227000.0,21063652.0,20008272.0,20008272.0,0.0,0.0,0.0,0.0,-20654360.0,6136000.0,26790360.0,-1486605.7142857143,13275043.342091577,-1164681.5,6913023.620961171,2,23,4,0
2025-04-24,3865000.0,0.0,3865000.0,6295500.0,6295500.0,0.0,-14836652.0,6227000.0,21063652.0,20008272.0,20008272.0,0.0,5076500.0,5076500.0,0.0,2363374.285714286,10382377.677218737,-1009894.8333333334,7029272.246719459,3,24,4,0
2025-04-25,3632000.0,0.0,3632000.0,3865000.0,3865000.0,0.0,6295500.0,6295500.0,0.0,-14836652.0,6227000.0,21063652.0,0.0,0.0,0.0,2190302.8571428573,10339622.414148971,-1034494.8333333334,7010217.26669677,4,25,4,0
2025-04-26,0.0,0.0,0.0,3632000.0,3632000.0,0.0,3865000.0,3865000.0,0.0,6295500.0,6295500.0,0.0,0.0,0.0,0.0,2709160.0,10302453.79271275,-882378.1666666666,7061851.421175544,5,26,4,1
2025-04-27,0.0,0.0,0.0,0.0,0.0,0.0,3632000.0,3632000.0,0.0,3865000.0,3865000.0,0.0,0.0,0.0,0.0,2709160.0,10302453.79271275,-745094.8333333334,7036758.963615116,6,27,4,1
2025-04-28,3760500.0,17461100.0,-13700600.0,0.0,0.0,0.0,0.0,0.0,0.0,3632000.0,3632000.0,0.0,20008272.0,20008272.0,0.0,2709160.0,10302453.79271275,-745094.8333333334,7036758.963615116,0,28,4,0
2025-04-29,4375500.0,0.0,4375500.0,-13700600.0,3760500.0,17461100.0,0.0,0.0,0.0,0.0,0.0,0.0,-14836652.0,6227000.0,21063652.0,-2106393.1428571427,8607529.72376681,-1201781.5,7420838.299880082,1,29,4,0
2025-04-30,10460618.0,0.0,10460618.0,4375500.0,4375500.0,0.0,-13700600.0,3760500.0,17461100.0,0.0,0.0,0.0,6295500.0,6295500.0,0.0,638200.0,6730073.243534081,-1055931.5,7487967.392809443,2,30,4,0
2025-05-01,0.0,0.0,0.0,10460618.0,10460618.0,0.0,4375500.0,4375500.0,0.0,-13700600.0,3760500.0,17461100.0,3865000.0,3865000.0,0.0,1233216.857142857,7458327.022359358,-707244.2333333333,7776818.894355951,3,1,5,0
2025-05-02,15697800.0,15323250.0,374550.0,0.0,0.0,0.0,10460618.0,10460618.0,0.0,4375500.0,4375500.0,0.0,3632000.0,3632000.0,0.0,681074.0,7373605.642171633,-707244.2333333333,7776818.894355951,4,2,5,0
2025-05-03,0.0,0.0,0.0,374550.0,15697800.0,15323250.0,0.0,0.0,0.0,10460618.0,10460618.0,0.0,0.0,0.0,0.0,215724.0,7258219.471114479,-694759.2333333333,7778293.978922414,5,3,5,1
2025-05-04,0.0,0.0,0.0,0.0,0.0,0.0,374550.0,15697800.0,15323250.0,0.0,0.0,0.0,0.0,0.0,0.0,215724.0,7258219.471114479,-694759.2333333333,7778293.978922414,6,4,5,1
2025-05-05,6553000.0,6795591.0,-242591.0,0.0,0.0,0.0,0.0,0.0,0.0,374550.0,15697800.0,15323250.0,-13700600.0,3760500.0,17461100.0,215724.0,7258219.471114479,-694759.2333333333,7778293.978922414,0,5,5,0
2025-05-06,4942800.0,11183007.0,-6240207.0,-242591.0,6553000.0,6795591.0,0.0,0.0,0.0,0.0,0.0,0.0,4375500.0,4375500.0,0.0,2138296.714285714,4015853.529438657,-702845.6,7777672.8712936025,1,6,5,0
2025-05-07,6735800.0,600000.0,6135800.0,-6240207.0,4942800.0,11183007.0,-242591.0,6553000.0,6795591.0,0.0,0.0,0.0,10460618.0,10460618.0,0.0,621767.1428571428,4930478.167835194,-910852.5,7841410.931969208,2,7,5,0
2025-05-08,7158000.0,9527285.0,-2369285.0,6135800.0,6735800.0,600000.0,-6240207.0,4942800.0,11183007.0,-242591.0,6553000.0,6795591.0,0.0,0.0,0.0,3936.0,3577411.883237146,-706325.8333333334,7945319.075587289,3,8,5,0
2025-05-09,4299000.0,5204786.0,-905786.0,-2369285.0,7158000.0,9527285.0,6135800.0,6735800.0,600000.0,-6240207.0,4942800.0,11183007.0,374550.0,15697800.0,15323250.0,-334533.28571428574,3688212.912217774,-768078.6666666666,7950991.770786748,4,9,5,0
2025-05-10,0.0,0.0,0.0,-905786.0,4299000.0,5204786.0,-2369285.0,7158000.0,9527285.0,6135800.0,6735800.0,600000.0,0.0,0.0,0.0,-517438.4285714286,3678922.791470663,-704851.5333333333,7941791.663955715,5,10,5,1
2025-05-11,0.0,0.0,0.0,0.0,0.0,0.0,-905786.0,4299000.0,5204786.0,-2369285.0,7158000.0,9527285.0,0.0,0.0,0.0,-517438.4285714286,3678922.791470663,-554018.2,7909641.324794372,6,11,5,1
2025-05-12,0.0,0.0,0.0,0.0,0.0,0.0,0.0,0.0,0.0,-905786.0,4299000.0,5204786.0,-242591.0,6553000.0,6795591.0,-517438.4285714286,3678922.791470663,-28604.866666666665,7369650.332756818,0,12,5,0
2025-05-13,0.0,0.0,0.0,0.0,0.0,0.0,0.0,0.0,0.0,0.0,0.0,0.0,-6240207.0,4942800.0,11183007.0,-482782.5714285714,3683083.663927637,-28604.866666666665,7369650.332756818,1,13,5,0
2025-05-14,14283500.0,15126997.0,-843497.0,0.0,0.0,0.0,0.0,0.0,0.0,0.0,0.0,0.0,6135800.0,6735800.0,600000.0,408675.5714285714,2674350.1163910143,-28604.866666666665,7369650.332756818,2,14,5,0
2025-05-15,4346000.0,3475755.25,870244.75,-843497.0,14283500.0,15126997.0,0.0,0.0,0.0,0.0,0.0,0.0,-2369285.0,7158000.0,9527285.0,-588366.8571428572,887150.6794170607,113603.9,7309134.215643537,3,15,5,0
2025-05-16,4089500.0,5639148.0,-1549648.0,870244.75,4346000.0,3475755.25,-843497.0,14283500.0,15126997.0,0.0,0.0,0.0,-905786.0,4299000.0,5204786.0,-125576.89285714286,602615.7564554228,43366.89166666667,7290767.152245011,4,16,5,0
2025-05-17,0.0,0.0,0.0,-1549648.0,4089500.0,5639148.0,870244.75,4346000.0,3475755.25,-843497.0,14283500.0,15126997.0,0.0,0.0,0.0,-217557.17857142858,767995.6766566575,680190.625,6168548.558734062,5,17,5,1
2025-05-18,0.0,0.0,0.0,0.0,0.0,0.0,-1549648.0,4089500.0,5639148.0,870244.75,4346000.0,3475755.25,0.0,0.0,0.0,-217557.17857142858,767995.6766566575,510973.9583333333,6113170.7532113325,6,18,5,1
2025-05-19,10166000.0,8985179.0,1180821.0,0.0,0.0,0.0,0.0,0.0,0.0,-1549648.0,4089500.0,5639148.0,0.0,0.0,0.0,-217557.17857142858,767995.6766566575,510973.9583333333,6113170.7532113325,0,19,5,0
2025-05-20,5604300.0,4748000.0,856300.0,1180821.0,10166000.0,8985179.0,0.0,0.0,0.0,0.0,0.0,0.0,0.0,0.0,0.0,-48868.46428571428,935222.2003571416,550334.6583333333,6113568.758018662,1,20,5,0
2025-05-21,5841500.0,7071004.0,-1229504.0,856300.0,5604300.0,4748000.0,1180821.0,10166000.0,8985179.0,0.0,0.0,0.0,-843497.0,14283500.0,15126997.0,73460.10714285714,996664.0398906203,578877.9916666667,6112909.659664702,2,21,5,0
2025-05-22,3860500.0,3468416.0,392084.0,-1229504.0,5841500.0,7071004.0,856300.0,5604300.0,4748000.0,1180821.0,10166000.0,8985179.0,870244.75,4346000.0,3475755.25,18316.25,1064241.0804391075,-129047.875,4893332.527885093,3,22,5,0
2025-05-23,9763700.0,13182337.0,-3418637.0,392084.0,3860500.0,3468416.0,-1229504.0,5841500.0,7071004.0,856300.0,5604300.0,4748000.0,-1549648.0,4089500.0,5639148.0,-49992.42857142857,1014635.5746946603,378576.6583333333,4028450.001202476,4,23,5,0
2025-05-24,0.0,0.0,0.0,-3418637.0,9763700.0,13182337.0,392084.0,3860500.0,3468416.0,-1229504.0,5841500.0,7071004.0,0.0,0.0,0.0,-316990.85714285716,1569325.4594621707,54772.09166666667,3925545.166477129,5,24,5,1
2025-05-25,0.0,0.0,0.0,0.0,0.0,0.0,-3418637.0,9763700.0,13182337.0,392084.0,3860500.0,3468416.0,0.0,0.0,0.0,-316990.85714285716,1569325.4594621707,-74061.24166666667,3859044.294778251,6,25,5,1
2025-05-26,13200000.0,5070100.0,8129900.0,0.0,0.0,0.0,0.0,0.0,0.0,-3418637.0,9763700.0,13182337.0,1180821.0,10166000.0,8985179.0,-316990.85714285716,1569325.4594621707,-195127.90833333333,3795211.7936900463,0,26,5,0
2025-05-27,4809000.0,3654338.0,1154662.0,8129900.0,13200000.0,5070100.0,0.0,0.0,0.0,0.0,0.0,0.0,856300.0,5604300.0,4748000.0,675734.7142857143,3582008.0671369587,75868.75833333333,4088546.5893426687,1,27,5,0
2025-05-28,6723500.0,5212953.0,1510547.0,1154662.0,4809000.0,3654338.0,8129900.0,13200000.0,5070100.0,0.0,0.0,0.0,-1229504.0,5841500.0,7071004.0,718357.8571428572,3586287.3363840804,114357.49166666667,4093239.9295099666,2,28,5,0
2025-05-29,0.0,0.0,0.0,1510547.0,6723500.0,5212953.0,1154662.0,4809000.0,3654338.0,8129900.0,13200000.0,5070100.0,392084.0,3860500.0,3468416.0,1109793.7142857143,3486392.231863801,621395.725,3158281.0800654246,3,29,5,0
2025-05-30,0.0,0.0,0.0,0.0,0.0,0.0,1510547.0,6723500.0,5212953.0,1154662.0,4809000.0,3654338.0,-3418637.0,9763700.0,13182337.0,1053781.7142857143,3502954.900549,475545.725,3078972.6740830434,4,30,5,0
2025-05-31,0.0,0.0,0.0,0.0,0.0,0.0,0.0,0.0,0.0,1510547.0,6723500.0,5212953.0,0.0,0.0,0.0,1542158.4285714286,2973844.376441484,126858.45833333333,2433948.8293028763,5,31,5,1
2025-06-01,0.0,0.0,0.0,0.0,0.0,0.0,0.0,0.0,0.0,0.0,0.0,0.0,0.0,0.0,0.0,1542158.4285714286,2973844.376441484,126858.45833333333,2433948.8293028763,6,1,6,1
2025-06-02,5155500.0,4186000.0,969500.0,0.0,0.0,0.0,0.0,0.0,0.0,0.0,0.0,0.0,8129900.0,13200000.0,5070100.0,1542158.4285714286,2973844.376441484,114373.45833333333,2433595.0837518065,0,2,6,0
2025-06-03,3971500.0,11007700.0,-7036200.0,969500.0,5155500.0,4186000.0,0.0,0.0,0.0,0.0,0.0,0.0,1154662.0,4809000.0,3654338.0,519244.14285714284,666786.505588927,146690.125,2438456.2317038598,1,3,6,0
2025-06-04,11481450.0,3664250.0,7817200.0,-7036200.0,3971500.0,11007700.0,969500.0,5155500.0,4186000.0,0.0,0.0,0.0,1510547.0,6723500.0,5212953.0,-650879.0,2879938.906201602,-87849.875,2769028.942397256,2,4,6,0
2025-06-05,2915500.0,3410072.0,-494572.0,7817200.0,11481450.0,3664250.0,-7036200.0,3971500.0,11007700.0,969500.0,5155500.0,4186000.0,0.0,0.0,0.0,250071.42857142858,4303465.783417783,180809.825,3121994.5266554155,3,5,6,0
2025-06-06,0.0,0.0,0.0,-494572.0,2915500.0,3410072.0,7817200.0,11481450.0,3664250.0,-7036200.0,3971500.0,11007700.0,0.0,0.0,0.0,179418.2857142857,4312306.450621746,372330.99166666664,2881480.2094953717,4,6,6,0
2025-06-07,0.0,0.0,0.0,0.0,0.0,0.0,-494572.0,2915500.0,3410072.0,7817200.0,11481450.0,3664250.0,0.0,0.0,0.0,179418.2857142857,4312306.450621746,167804.325,2668145.671265517,5,7,6,1
2025-06-08,0.0,0.0,0.0,0.0,0.0,0.0,0.0,0.0,0.0,-494572.0,2915500.0,3410072.0,0.0,0.0,0.0,179418.2857142857,4312306.450621746,246780.49166666667,2625178.2032852387,6,8,6,1
2025-06-09,0.0,0.0,0.0,0.0,0.0,0.0,0.0,0.0,0.0,0.0,0.0,0.0,969500.0,5155500.0,4186000.0,179418.2857142857,4312306.450621746,276973.35833333334,2616660.152050513,0,9,6,0
2025-06-10,8144500.0,8665450.0,-520950.0,0.0,0.0,0.0,0.0,0.0,0.0,0.0,0.0,0.0,-7036200.0,3971500.0,11007700.0,40918.28571428572,4298247.852331681,276973.35833333334,2616660.152050513,1,10,6,0
2025-06-11,3370500.0,3944700.0,-574200.0,-520950.0,8144500.0,8665450.0,0.0,0.0,0.0,0.0,0.0,0.0,7817200.0,11481450.0,3664250.0,971668.2857142857,3028080.563752212,259608.35833333334,2620287.7002893304,2,11,6,0
2025-06-12,16919500.0,12312025.0,4607475.0,-574200.0,3370500.0,3944700.0,-520950.0,8144500.0,8665450.0,0.0,0.0,0.0,-494572.0,2915500.0,3410072.0,-227103.14285714287,284213.8699450591,240468.35833333334,2624343.4057450537,3,12,6,0
2025-06-13,5965000.0,4549146.0,1415854.0,4607475.0,16919500.0,12312025.0,-574200.0,3370500.0,3944700.0,-520950.0,8144500.0,8665450.0,0.0,0.0,0.0,501760.71428571426,1828823.5616246797,394050.85833333334,2741969.2487703357,4,13,6,0
2025-06-14,0.0,0.0,0.0,1415854.0,5965000.0,4549146.0,4607475.0,16919500.0,12312025.0,-574200.0,3370500.0,3944700.0,0.0,0.0,0.0,704025.5714285715,1842326.3794662699,469362.55833333335,2737831.1758032776,5,14,6,1
2025-06-15,0.0,0.0,0.0,0.0,0.0,0.0,1415854.0,5965000.0,4549146.0,4607475.0,16919500.0,12312025.0,0.0,0.0,0.0,704025.5714285715,1842326.3794662699,440354.4,2738047.488007135,6,15,6,1
2025-06-16,191569.0,4858254.0,-4666685.0,0.0,0.0,0.0,0.0,0.0,0.0,1415854.0,5965000.0,4549146.0,0.0,0.0,0.0,704025.5714285715,1842326.3794662699,492009.3333333333,2713719.7580541247,0,16,6,0
2025-06-17,6370000.0,7701721.0,-1331721.0,-4666685.0,191569.0,4858254.0,0.0,0.0,0.0,0.0,0.0,0.0,-520950.0,8144500.0,8665450.0,37356.28571428572,2756892.677517252,336453.1666666667,2872029.771501779,1,17,6,0
2025-06-18,3593000.0,3856561.0,-263561.0,-1331721.0,6370000.0,7701721.0,-4666685.0,191569.0,4858254.0,0.0,0.0,0.0,-574200.0,3370500.0,3944700.0,-78468.14285714286,2800937.4332504845,292062.4666666667,2887658.540403325,2,18,6,0
2025-06-19,4543500.0,5821884.0,-1278384.0,-263561.0,3593000.0,3856561.0,-1331721.0,6370000.0,7701721.0,-4666685.0,191569.0,4858254.0,4607475.0,16919500.0,12312025.0,-34091.142857142855,2794226.9978946135,243916.4,2884368.5015365947,3,19,6,0
2025-06-20,6757000.0,5161071.0,1595929.0,-1278384.0,4543500.0,5821884.0,-263561.0,3593000.0,3856561.0,-1331721.0,6370000.0,7701721.0,1415854.0,5965000.0,4549146.0,-874928.1428571428,1910554.3491534446,172760.26666666666,2895051.40745257,4,20,6,0
2025-06-21,0.0,0.0,0.0,1595929.0,6757000.0,5161071.0,-1278384.0,4543500.0,5821884.0,-263561.0,3593000.0,3856561.0,0.0,0.0,0.0,-849203.1428571428,1947396.8646809368,266941.36666666664,2893818.1357677463,5,21,6,1
2025-06-22,0.0,0.0,0.0,0.0,0.0,0.0,1595929.0,6757000.0,5161071.0,-1278384.0,4543500.0,5821884.0,0.0,0.0,0.0,-849203.1428571428,1947396.8646809368,253871.9,2894118.8365959353,6,22,6,1
2025-06-23,7673100.0,7823827.0,-150727.0,0.0,0.0,0.0,0.0,0.0,0.0,1595929.0,6757000.0,5161071.0,-4666685.0,191569.0,4858254.0,-849203.1428571428,1947396.8646809368,367826.4666666667,2810628.542987025,0,23,6,0
2025-06-24,4858000.0,4800750.0,57250.0,-150727.0,7673100.0,7823827.0,0.0,0.0,0.0,0.0,0.0,0.0,-1331721.0,6370000.0,7701721.0,-204066.2857142857,979406.0728175557,362802.23333333334,2811443.337097216,1,24,6,0
2025-06-25,7816759.0,7756840.0,59919.0,57250.0,4858000.0,4800750.0,-150727.0,7673100.0,7823827.0,0.0,0.0,0.0,-263561.0,3593000.0,3856561.0,-5641.857142857143,844244.5145792457,364710.56666666665,2811208.0048425957,2,25,6,0
2025-06-26,10642500.0,10392319.0,250181.0,59919.0,7816759.0,7756840.0,57250.0,4858000.0,4800750.0,-150727.0,7673100.0,7823827.0,-1278384.0,4543500.0,5821884.0,40569.57142857143,836592.3211861453,95711.2,2398330.842940485,3,26,6,0
2025-06-27,0.0,0.0,0.0,250181.0,10642500.0,10392319.0,59919.0,7816759.0,7756840.0,57250.0,4858000.0,4800750.0,1595929.0,6757000.0,5161071.0,258936.0,601363.9245803417,65561.83333333333,2390231.187251403,4,27,6,0
2025-06-28,0.0,0.0,0.0,0.0,0.0,0.0,250181.0,10642500.0,10392319.0,59919.0,7816759.0,7756840.0,0.0,0.0,0.0,30946.14285714286,119354.76812628614,15210.266666666666,2374601.284433024,5,28,6,1
2025-06-29,0.0,0.0,0.0,0.0,0.0,0.0,0.0,0.0,0.0,250181.0,10642500.0,10392319.0,0.0,0.0,0.0,30946.14285714286,119354.76812628614,15210.266666666666,2374601.284433024,6,29,6,1
2025-06-30,0.0,0.0,0.0,0.0,0.0,0.0,0.0,0.0,0.0,0.0,0.0,0.0,-150727.0,7673100.0,7823827.0,30946.14285714286,119354.76812628614,15210.266666666666,2374601.284433024,0,30,6,0
2025-07-01,11155500.0,10668723.0,486777.0,0.0,0.0,0.0,0.0,0.0,0.0,0.0,0.0,0.0,57250.0,4858000.0,4800750.0,52478.57142857143,91451.6070641871,15210.266666666666,2374601.284433024,1,1,7,0
2025-07-02,7252200.0,7861802.0,-609602.0,486777.0,11155500.0,10668723.0,0.0,0.0,0.0,0.0,0.0,0.0,59919.0,7816759.0,7756840.0,113839.57142857143,188156.1988037848,31436.166666666668,2376156.35716917,2,2,7,0
2025-07-03,5054800.0,5119992.0,-65192.0,-609602.0,7252200.0,7861802.0,486777.0,11155500.0,10668723.0,0.0,0.0,0.0,250181.0,10642500.0,10392319.0,18193.714285714286,333876.1996652473,-21200.566666666666,2372146.5572461165,3,3,7,0
2025-07-04,9894800.0,10045108.0,-150308.0,-65192.0,5054800.0,5119992.0,-609602.0,7252200.0,7861802.0,486777.0,11155500.0,10668723.0,0.0,0.0,0.0,-26859.571428571428,318267.8083406418,211166.36666666667,1968345.9345867475,4,4,7,0
2025-07-05,0.0,0.0,0.0,-150308.0,9894800.0,10045108.0,-65192.0,5054800.0,5119992.0,-609602.0,7252200.0,7861802.0,0.0,0.0,0.0,-48332.142857142855,321210.46206209704,-54417.23333333333,1345747.6124574323,5,5,7,1
2025-07-06,0.0,0.0,0.0,0.0,0.0,0.0,-150308.0,9894800.0,10045108.0,-65192.0,5054800.0,5119992.0,0.0,0.0,0.0,-48332.142857142855,321210.46206209704,-37931.5,1343196.574454588,6,6,7,1
2025-07-07,5370500.0,5060841.0,309659.0,0.0,0.0,0.0,0.0,0.0,0.0,-150308.0,9894800.0,10045108.0,0.0,0.0,0.0,-48332.142857142855,321210.46206209704,-37931.5,1343196.574454588,0,7,7,0
2025-07-08,5173500.0,5623400.0,-449900.0,309659.0,5370500.0,5060841.0,0.0,0.0,0.0,0.0,0.0,0.0,486777.0,11155500.0,10668723.0,-4095.1428571428573,349089.34930207493,-27609.533333333333,1344687.0954867813,1,8,7,0
2025-07-09,4866500.0,4716904.0,149596.0,-449900.0,5173500.0,5623400.0,309659.0,5370500.0,5060841.0,0.0,0.0,0.0,-609602.0,7252200.0,7861802.0,-137906.14285714287,306493.35684722255,-42606.2,1346875.5428495898,2,9,7,0
2025-07-10,7321500.0,7226063.0,95437.0,149596.0,4866500.0,4716904.0,-449900.0,5173500.0,5623400.0,309659.0,5370500.0,5060841.0,-65192.0,5054800.0,5119992.0,-29449.285714285714,238554.44459684228,-37619.666666666664,1347315.5755290336,3,10,7,0
2025-07-11,4760100.0,4932420.0,-172320.0,95437.0,7321500.0,7226063.0,149596.0,4866500.0,4716904.0,-449900.0,5173500.0,5623400.0,-150308.0,9894800.0,10045108.0,-6502.285714285715,242240.38587508068,-17073.433333333334,1344387.438718384,4,11,7,0
2025-07-12,0.0,0.0,0.0,-172320.0,4760100.0,4932420.0,95437.0,7321500.0,7226063.0,149596.0,4866500.0,4716904.0,0.0,0.0,0.0,-9646.857142857143,244550.14478864262,-3677.4333333333334,1340641.6101207237,5,12,7,1
2025-07-13,0.0,0.0,0.0,0.0,0.0,0.0,-172320.0,4760100.0,4932420.0,95437.0,7321500.0,7226063.0,0.0,0.0,0.0,-9646.857142857143,244550.14478864262,-157259.93333333332,1019667.5778074221,6,13,7,1
2025-07-14,4719750.0,4469767.0,249983.0,0.0,0.0,0.0,0.0,0.0,0.0,-172320.0,4760100.0,4932420.0,309659.0,5370500.0,5060841.0,-9646.857142857143,244550.14478864262,-204455.06666666668,976184.6724805359,0,14,7,0
2025-07-15,8714500.0,8373200.0,341300.0,249983.0,4719750.0,4469767.0,0.0,0.0,0.0,0.0,0.0,0.0,-449900.0,5173500.0,5623400.0,-18172.0,232296.98153657353,-196122.3,979052.8139206517,1,15,7,0
2025-07-16,8257600.0,8102595.0,155005.0,341300.0,8714500.0,8373200.0,249983.0,4719750.0,4469767.0,0.0,0.0,0.0,149596.0,4866500.0,4716904.0,94856.57142857143,171840.12573306626,-184745.63333333333,983383.7409429768,2,16,7,0
2025-07-17,5926501.0,4309349.0,1617152.0,155005.0,8257600.0,8102595.0,341300.0,8714500.0,8373200.0,249983.0,4719750.0,4469767.0,95437.0,7321500.0,7226063.0,95629.28571428571,172139.19836353874,-24022.633333333335,501616.60730781616,3,17,7,0
2025-07-18,3946000.0,6127000.0,-2181000.0,1617152.0,5926501.0,4309349.0,155005.0,8257600.0,8102595.0,341300.0,8714500.0,8373200.0,-172320.0,4760100.0,4932420.0,313017.14285714284,600280.5443791656,74273.13333333333,524912.9592102707,4,18,7,0
2025-07-19,0.0,0.0,0.0,-2181000.0,3946000.0,6127000.0,1617152.0,5926501.0,4309349.0,155005.0,8257600.0,8102595.0,0.0,0.0,0.0,26062.85714285714,1123253.4905176775,10358.5,665402.3263468357,5,19,7,1
2025-07-20,0.0,0.0,0.0,0.0,0.0,0.0,-2181000.0,3946000.0,6127000.0,1617152.0,5926501.0,4309349.0,0.0,0.0,0.0,26062.85714285714,1123253.4905176775,52971.3,619366.2491452228,6,20,7,1
2025-07-21,4067500.0,4077500.0,-10000.0,0.0,0.0,0.0,0.0,0.0,0.0,-2181000.0,3946000.0,6127000.0,249983.0,4719750.0,4469767.0,26062.85714285714,1123253.4905176775,-226.33333333333334,546525.382433954,0,21,7,0
2025-07-22,7610500.0,7779500.0,-169000.0,-10000.0,4067500.0,4077500.0,0.0,0.0,0.0,0.0,0.0,0.0,341300.0,8714500.0,8373200.0,-11077.57142857143,1118905.3313400955,-559.6666666666666,546528.2891909247,1,22,7,0
2025-07-23,4950000.0,4998900.0,-48900.0,-169000.0,7610500.0,7779500.0,-10000.0,4067500.0,4077500.0,0.0,0.0,0.0,155005.0,8257600.0,8102595.0,-83977.57142857143,1108697.698022905,-6193.0,547392.620710033,2,23,7,0
2025-07-24,5656500.0,4840500.0,816000.0,-48900.0,4950000.0,4998900.0,-169000.0,7610500.0,7779500.0,-10000.0,4067500.0,4077500.0,1617152.0,5926501.0,4309349.0,-113106.85714285714,1104041.1883300124,-2798.766666666667,546780.8594990638,3,24,7,0
2025-07-25,4314000.0,5147520.0,-833520.0,816000.0,5656500.0,4840500.0,-48900.0,4950000.0,4998900.0,-169000.0,7610500.0,7779500.0,-2181000.0,3946000.0,6127000.0,-227557.14285714287,921158.0969213764,22492.9,566834.6914332574,4,25,7,0
2025-07-26,0.0,0.0,0.0,-833520.0,4314000.0,5147520.0,816000.0,5656500.0,4840500.0,-48900.0,4950000.0,4998900.0,0.0,0.0,0.0,-35060.0,480114.46121385455,-7288.4,587880.3259657221,5,26,7,1
2025-07-27,0.0,0.0,0.0,0.0,0.0,0.0,-833520.0,4314000.0,5147520.0,816000.0,5656500.0,4840500.0,0.0,0.0,0.0,-35060.0,480114.46121385455,-15627.766666666666,585873.0982346071,6,27,7,1
2025-07-28,11476800.0,10629044.0,847756.0,0.0,0.0,0.0,0.0,0.0,0.0,-833520.0,4314000.0,5147520.0,-10000.0,4067500.0,4077500.0,-35060.0,480114.46121385455,-15627.766666666666,585873.0982346071,0,28,7,0
2025-07-29,5049000.0,5902600.0,-853600.0,847756.0,11476800.0,10629044.0,0.0,0.0,0.0,0.0,0.0,0.0,-169000.0,7610500.0,7779500.0,87476.57142857143,585475.4452712963,12630.766666666666,606726.7262513721,1,29,7,0
2025-07-30,5408000.0,5330612.0,77388.0,-853600.0,5049000.0,5902600.0,847756.0,11476800.0,10629044.0,0.0,0.0,0.0,-48900.0,4950000.0,4998900.0,-10323.42857142857,684297.6915170928,-15822.566666666668,627015.6663500498,2,30,7,0
2025-07-31,8059800.0,7110351.0,949449.0,77388.0,5408000.0,5330612.0,-853600.0,5049000.0,5902600.0,847756.0,11476800.0,10629044.0,816000.0,5656500.0,4840500.0,7717.714285714285,684775.7232217772,-13242.966666666667,627242.1562748427,3,31,7,0
2025-08-01,8695950.0,8814350.0,-118400.0,949449.0,8059800.0,7110351.0,77388.0,5408000.0,5330612.0,-853600.0,5049000.0,5902600.0,-833520.0,4314000.0,5147520.0,26781.85714285714,712331.8768870865,2179.4333333333334,645385.9924590307,4,1,8,0
2025-08-02,0.0,0.0,0.0,-118400.0,8695950.0,8814350.0,949449.0,8059800.0,7110351.0,77388.0,5408000.0,5330612.0,0.0,0.0,0.0,128941.85714285714,612699.2252887872,18552.833333333332,635484.8686267267,5,2,8,1
2025-08-03,0.0,0.0,0.0,0.0,0.0,0.0,-118400.0,8695950.0,8814350.0,949449.0,8059800.0,7110351.0,0.0,0.0,0.0,128941.85714285714,612699.2252887872,20725.9,635300.0614237296,6,3,8,1
2025-08-04,10639000.0,11324000.0,-685000.0,0.0,0.0,0.0,0.0,0.0,0.0,-118400.0,8695950.0,8814350.0,847756.0,11476800.0,10629044.0,128941.85714285714,612699.2252887872,25736.166666666668,634496.8888846396,0,4,8,0
2025-08-05,16737514.0,15835164.0,902350.0,-685000.0,10639000.0,11324000.0,0.0,0.0,0.0,0.0,0.0,0.0,-853600.0,5049000.0,5902600.0,-90023.28571428571,586314.688307318,2902.8333333333335,647644.1517910234,1,5,8,0
2025-08-06,5599100.0,5286366.0,312734.0,902350.0,16737514.0,15835164.0,-685000.0,10639000.0,11324000.0,0.0,0.0,0.0,77388.0,5408000.0,5330612.0,160826.7142857143,580784.6365692783,32981.166666666664,668134.3316363732,2,6,8,0
2025-08-07,6315000.0,5560033.0,754967.0,312734.0,5599100.0,5286366.0,902350.0,16737514.0,15835164.0,-685000.0,10639000.0,11324000.0,949449.0,8059800.0,7110351.0,194447.57142857142,581960.1983262742,33083.666666666664,668178.4754693762,3,7,8,0
2025-08-08,5819250.0,6295200.0,-475950.0,754967.0,6315000.0,5560033.0,312734.0,5599100.0,5286366.0,902350.0,16737514.0,15835164.0,-118400.0,8695950.0,8814350.0,166664.42857142858,543264.4515776421,73245.9,674328.8861047995,4,8,8,0
2025-08-09,0.0,0.0,0.0,-475950.0,5819250.0,6295200.0,754967.0,6315000.0,5560033.0,312734.0,5599100.0,5286366.0,0.0,0.0,0.0,115585.85714285714,589384.7099935206,52394.36666666667,681519.7813295566,5,9,8,1
2025-08-10,0.0,0.0,0.0,0.0,0.0,0.0,-475950.0,5819250.0,6295200.0,754967.0,6315000.0,5560033.0,0.0,0.0,0.0,115585.85714285714,589384.7099935206,49213.13333333333,681534.6792595626,6,10,8,1
2025-08-11,6455500.0,4497200.0,1958300.0,0.0,0.0,0.0,0.0,0.0,0.0,-475950.0,5819250.0,6295200.0,-685000.0,10639000.0,11324000.0,115585.85714285714,589384.7099935206,54957.13333333333,680328.2992795517,0,11,8,0
2025-08-12,13848500.0,15948000.0,-2099500.0,1958300.0,6455500.0,4497200.0,0.0,0.0,0.0,0.0,0.0,0.0,902350.0,16737514.0,15835164.0,493200.14285714284,800078.7330470346,120233.8,763711.7558452532,1,12,8,0
2025-08-13,6166000.0,4996500.0,1169500.0,-2099500.0,13848500.0,15948000.0,1958300.0,6455500.0,4497200.0,0.0,0.0,0.0,312734.0,5599100.0,5286366.0,64364.42857142857,1232081.288625588,50250.46666666667,864635.5760613555,2,13,8,0
2025-08-14,6053000.0,7444300.0,-1391300.0,1169500.0,6166000.0,4996500.0,-2099500.0,13848500.0,15948000.0,1958300.0,6455500.0,4497200.0,754967.0,6315000.0,5560033.0,186759.57142857142,1301468.3374908858,80901.03333333334,887943.9330355212,3,14,8,0
2025-08-15,5838500.0,7150400.0,-1311900.0,-1391300.0,6053000.0,7444300.0,1169500.0,6166000.0,4996500.0,-2099500.0,13848500.0,15948000.0,-475950.0,5819250.0,6295200.0,-119850.0,1394767.921256676,23147.7,925955.1127423351,4,15,8,0
2025-08-16,0.0,0.0,0.0,-1311900.0,5838500.0,7150400.0,-1391300.0,6053000.0,7444300.0,1169500.0,6166000.0,4996500.0,0.0,0.0,0.0,-239271.42857142858,1464389.0065078181,-25749.133333333335,956964.1700136518,5,16,8,1
2025-08-17,0.0,0.0,0.0,0.0,0.0,0.0,-1311900.0,5838500.0,7150400.0,-1391300.0,6053000.0,7444300.0,0.0,0.0,0.0,-239271.42857142858,1464389.0065078181,-79654.2,905386.1522443098,6,17,8,1
2025-08-18,0.0,0.0,0.0,0.0,0.0,0.0,0.0,0.0,0.0,-1311900.0,5838500.0,7150400.0,1958300.0,6455500.0,4497200.0,-239271.42857142858,1464389.0065078181,-6954.2,813763.7201766595,0,18,8,0
2025-08-19,12100876.0,12104900.0,-4024.0,0.0,0.0,0.0,0.0,0.0,0.0,0.0,0.0,0.0,-2099500.0,13848500.0,15948000.0,-519028.5714285714,1121508.8938780734,-6954.2,813763.7201766595,1,19,8,0
2025-08-20,6192750.0,3838000.0,2354750.0,-4024.0,12100876.0,12104900.0,0.0,0.0,0.0,0.0,0.0,0.0,1169500.0,6166000.0,4996500.0,-219674.85714285713,883812.2389730063,-7088.333333333333,813762.8660229526,2,20,8,0
2025-08-21,5503200.0,3471029.0,2032171.0,2354750.0,6192750.0,3838000.0,-4024.0,12100876.0,12104900.0,0.0,0.0,0.0,-1391300.0,6053000.0,7444300.0,-50353.42857142857,1237195.267577282,71736.66666666667,920943.3034641581,3,21,8,0
2025-08-22,8548050.0,10475100.0,-1927050.0,2032171.0,5503200.0,3471029.0,2354750.0,6192750.0,3838000.0,-4024.0,12100876.0,12104900.0,-1311900.0,5838500.0,7150400.0,438713.85714285716,1294113.299984001,145109.03333333333,986456.633169431,4,22,8,0
2025-08-23,0.0,0.0,0.0,-1927050.0,8548050.0,10475100.0,2032171.0,5503200.0,3471029.0,2354750.0,6192750.0,3838000.0,0.0,0.0,0.0,350835.28571428574,1444905.2245102131,82504.03333333334,1056318.0352829206,5,23,8,1
2025-08-24,0.0,0.0,0.0,0.0,0.0,0.0,-1927050.0,8548050.0,10475100.0,2032171.0,5503200.0,3471029.0,0.0,0.0,0.0,350835.28571428574,1444905.2245102131,55304.03333333333,1047246.3291010829,6,24,8,1
2025-08-25,6501048.0,7059900.0,-558852.0,0.0,0.0,0.0,0.0,0.0,0.0,-1927050.0,8548050.0,10475100.0,0.0,0.0,0.0,350835.28571428574,1444905.2245102131,83088.03333333334,1033823.0555405223,0,25,8,0
2025-08-26,6028500.0,7685050.0,-1656550.0,-558852.0,6501048.0,7059900.0,0.0,0.0,0.0,0.0,0.0,0.0,-4024.0,12100876.0,12104900.0,270999.28571428574,1482471.792801775,64459.63333333333,1040385.9705096042,1,26,8,0
2025-08-27,6671500.0,5233450.0,1438050.0,-1656550.0,6028500.0,7685050.0,-558852.0,6501048.0,7059900.0,0.0,0.0,0.0,2354750.0,6192750.0,3838000.0,34924.142857142855,1655094.3491920573,9241.3,1086848.2310851782,2,27,8,0
2025-08-28,10484500.0,9438681.0,1045819.0,1438050.0,6671500.0,5233450.0,-1656550.0,6028500.0,7685050.0,-558852.0,6501048.0,7059900.0,2032171.0,5503200.0,3471029.0,-96033.0,1466466.5912220217,28917.766666666666,1107695.7403709353,3,28,8,0
2025-08-29,8988150.0,11728900.0,-2740750.0,1045819.0,10484500.0,9438681.0,1438050.0,6671500.0,5233450.0,-1656550.0,6028500.0,7685050.0,-1927050.0,8548050.0,10475100.0,-236940.42857142858,1260868.4162991082,92231.73333333334,1109794.894104964,4,29,8,0
2025-08-30,0.0,0.0,0.0,-2740750.0,8988150.0,11728900.0,1045819.0,10484500.0,9438681.0,1438050.0,6671500.0,5233450.0,0.0,0.0,0.0,-353183.28571428574,1463827.1854405855,-1706.2,1224442.6122184645,5,30,8,1
2025-08-31,0.0,0.0,0.0,0.0,0.0,0.0,-2740750.0,8988150.0,11728900.0,1045819.0,10484500.0,9438681.0,0.0,0.0,0.0,-353183.28571428574,1463827.1854405855,-33354.5,1211208.9978501196,6,31,8,1
2025-09-01,0.0,0.0,0.0,0.0,0.0,0.0,0.0,0.0,0.0,-2740750.0,8988150.0,11728900.0,-558852.0,6501048.0,7059900.0,-353183.28571428574,1463827.1854405855,-29407.833333333332,1211115.222144397,0,1,9,0
2025-09-02,6500300.0,6098000.0,402300.0,0.0,0.0,0.0,0.0,0.0,0.0,0.0,0.0,0.0,-1656550.0,6028500.0,7685050.0,-273347.28571428574,1465978.7673547345,-29407.833333333332,1211115.222144397,1,2,9,0
2025-09-03,6355250.0,6316800.0,38450.0,402300.0,6500300.0,6098000.0,0.0,0.0,0.0,0.0,0.0,0.0,1438050.0,6671500.0,5233450.0,20774.14285714286,1343643.0627638723,-15997.833333333334,1213676.5794788122,2,3,9,0
2025-09-04,5654500.0,4455045.0,1199455.0,38450.0,6355250.0,6316800.0,402300.0,6500300.0,6098000.0,0.0,0.0,0.0,1045819.0,10484500.0,9438681.0,-179168.7142857143,1193319.0156386963,8117.166666666667,1207094.9598174822,3,4,9,0
2025-09-05,0.0,0.0,0.0,1199455.0,5654500.0,4455045.0,38450.0,6355250.0,6316800.0,402300.0,6500300.0,6098000.0,-2740750.0,8988150.0,11728900.0,-157220.7142857143,1220703.2181643934,18020.666666666668,1215871.478462781,4,5,9,0
2025-09-06,0.0,0.0,0.0,0.0,0.0,0.0,1199455.0,5654500.0,4455045.0,38450.0,6355250.0,6316800.0,0.0,0.0,0.0,234315.0,450498.1233682743,7596.2,1214597.5468337582,5,6,9,1
2025-09-07,0.0,0.0,0.0,0.0,0.0,0.0,0.0,0.0,0.0,1199455.0,5654500.0,4455045.0,0.0,0.0,0.0,234315.0,450498.1233682743,-17569.366666666665,1206371.9366941852,6,7,9,1
2025-09-08,18431500.0,19881430.0,-1449930.0,0.0,0.0,0.0,0.0,0.0,0.0,0.0,0.0,0.0,0.0,0.0,0.0,234315.0,450498.1233682743,-1704.3666666666666,1203261.504104503,0,8,9,0
2025-09-09,6179973.0,5995800.0,184173.0,-1449930.0,18431500.0,19881430.0,0.0,0.0,0.0,0.0,0.0,0.0,402300.0,6500300.0,6098000.0,27182.14285714286,785190.0950505418,-50035.36666666667,1231967.6885580812,1,9,9,0
2025-09-10,5117500.0,4734986.0,382514.0,184173.0,6179973.0,5995800.0,-1449930.0,18431500.0,19881430.0,0.0,0.0,0.0,38450.0,6355250.0,6316800.0,-3978.8571428571427,772040.2169171491,-43896.26666666667,1232684.2947967462,2,10,9,0
2025-09-11,5787500.0,5232652.0,554848.0,382514.0,5117500.0,4734986.0,184173.0,6179973.0,5995800.0,-1449930.0,18431500.0,19881430.0,1199455.0,5654500.0,4455045.0,45173.142857142855,786017.5640744162,-96422.46666666666,1176729.4290003558,3,11,9,0
2025-09-12,11953846.0,11614998.0,338848.0,554848.0,5787500.0,5232652.0,382514.0,5117500.0,4734986.0,184173.0,6179973.0,5995800.0,0.0,0.0,0.0,-46913.57142857143,655106.0702715411,-7944.2,1119314.0422355812,4,12,9,0
2025-09-13,0.0,0.0,0.0,338848.0,11953846.0,11614998.0,554848.0,5787500.0,5232652.0,382514.0,5117500.0,4734986.0,0.0,0.0,0.0,1493.2857142857142,671465.104568292,-35632.6,1099277.8882184955,5,13,9,1
2025-09-14,0.0,0.0,0.0,0.0,0.0,0.0,338848.0,11953846.0,11614998.0,554848.0,5787500.0,5232652.0,0.0,0.0,0.0,1493.2857142857142,671465.104568292,10744.066666666668,1069044.9510997478,6,14,9,1
2025-09-15,6744000.0,7542700.0,-798700.0,0.0,0.0,0.0,0.0,0.0,0.0,338848.0,11953846.0,11614998.0,-1449930.0,18431500.0,19881430.0,1493.2857142857142,671465.104568292,54474.066666666666,1039499.462399954,0,15,9,0
2025-09-16,7234500.0,7471900.0,-237400.0,-798700.0,6744000.0,7542700.0,0.0,0.0,0.0,0.0,0.0,0.0,184173.0,6179973.0,5995800.0,94526.14285714286,443149.0104071232,27850.733333333334,1051105.9749275588,1,16,9,0
2025-09-17,6291000.0,6629171.0,-338171.0,-237400.0,7234500.0,7471900.0,-798700.0,6744000.0,7542700.0,0.0,0.0,0.0,382514.0,5117500.0,4734986.0,34301.42857142857,457353.9046132166,19937.4,1052215.937720163,2,17,9,0
2025-09-18,11706300.0,7952355.0,3753945.0,-338171.0,6291000.0,6629171.0,-237400.0,7234500.0,7471900.0,-798700.0,6744000.0,7542700.0,554848.0,5787500.0,5232652.0,-68653.57142857143,446900.6517783955,8665.033333333333,1054246.3421293627,3,18,9,0
2025-09-19,7188000.0,11299000.0,-4111000.0,3753945.0,11706300.0,7952355.0,-338171.0,6291000.0,6629171.0,-237400.0,7234500.0,7471900.0,338848.0,11953846.0,11614998.0,388360.28571428574,1525330.298915039,133930.66666666666,1256539.3334296194,4,19,9,0
2025-09-20,0.0,0.0,0.0,-4111000.0,7188000.0,11299000.0,3753945.0,11706300.0,7952355.0,-338171.0,6291000.0,6629171.0,0.0,0.0,0.0,-247332.2857142857,2286658.8187925136,-81594.33333333333,1407880.6385775798,5,20,9,1
2025-09-21,0.0,0.0,0.0,0.0,0.0,0.0,-4111000.0,7188000.0,11299000.0,3753945.0,11706300.0,7952355.0,0.0,0.0,0.0,-247332.2857142857,2286658.8187925136,-149333.36666666667,1350385.7090589558,6,21,9,1
2025-09-22,8346000.0,5493095.0,2852905.0,0.0,0.0,0.0,0.0,0.0,0.0,-4111000.0,7188000.0,11299000.0,-798700.0,6744000.0,7542700.0,-247332.2857142857,2286658.8187925136,-85098.36666666667,1308077.6274406114,0,22,9,0
2025-09-23,15215900.0,17638350.0,-2422450.0,2852905.0,8346000.0,5493095.0,0.0,0.0,0.0,0.0,0.0,0.0,-237400.0,7234500.0,7471900.0,274325.5714285714,2542158.785799769,9998.466666666667,1413899.7808963496,1,23,9,0
2025-09-24,6281100.0,6096231.0,184869.0,-2422450.0,15215900.0,17638350.0,2852905.0,8346000.0,5493095.0,0.0,0.0,0.0,-338171.0,6291000.0,6629171.0,-37824.42857142857,2741778.6142701157,-70749.86666666667,1482022.870777427,2,24,9,0
2025-09-25,8918600.0,8338200.0,580400.0,184869.0,6281100.0,6096231.0,-2422450.0,15215900.0,17638350.0,2852905.0,8346000.0,5493095.0,3753945.0,11706300.0,7952355.0,36895.57142857143,2739355.23342549,-45959.166666666664,1479795.2076851518,3,25,9,0
2025-09-26,5862500.0,6728000.0,-865500.0,580400.0,8918600.0,8338200.0,184869.0,6281100.0,6096231.0,-2422450.0,15215900.0,17638350.0,-4111000.0,7188000.0,11299000.0,-416468.0,2238473.1955627706,28605.833333333332,1451937.429074188,4,26,9,0
2025-09-27,0.0,0.0,0.0,-865500.0,5862500.0,6728000.0,580400.0,8918600.0,8338200.0,184869.0,6281100.0,6096231.0,0.0,0.0,0.0,47174.857142857145,1587024.6599985396,-48179.166666666664,1435649.089483993,5,27,9,1
2025-09-28,0.0,0.0,0.0,0.0,0.0,0.0,-865500.0,5862500.0,6728000.0,580400.0,8918600.0,8338200.0,0.0,0.0,0.0,47174.857142857145,1587024.6599985396,-83039.8,1420788.905025812,6,28,9,1
2025-09-29,8544100.0,8596405.0,-52305.0,0.0,0.0,0.0,0.0,0.0,0.0,-865500.0,5862500.0,6728000.0,2852905.0,8346000.0,5493095.0,47174.857142857145,1587024.6599985396,8318.533333333333,1329164.5550262483,0,29,9,0
2025-09-30,9760750.0,9712450.0,48300.0,-52305.0,8544100.0,8596405.0,0.0,0.0,0.0,0.0,0.0,0.0,-2422450.0,15215900.0,17638350.0,-367855.14285714284,1003652.4074433398,6575.033333333334,1329210.1470660234,1,30,9,0
2025-10-01,8829000.0,7882750.0,946250.0,48300.0,9760750.0,9712450.0,-52305.0,8544100.0,8596405.0,0.0,0.0,0.0,184869.0,6281100.0,6096231.0,-14890.857142857143,432752.33425152843,8185.033333333334,1329231.159881727,2,1,10,0
2025-10-02,5887000.0,6957890.0,-1070890.0,946250.0,8829000.0,7882750.0,48300.0,9760750.0,9712450.0,-52305.0,8544100.0,8596405.0,580400.0,8918600.0,8338200.0,93877.85714285714,566380.4391474107,39726.7,1340211.7871807509,3,2,10,0
2025-10-03,10511800.0,7548892.0,2962908.0,-1070890.0,5887000.0,6957890.0,946250.0,8829000.0,7882750.0,48300.0,9760750.0,9712450.0,-865500.0,5862500.0,6728000.0,-142020.7142857143,665227.3075951118,-9379.633333333333,1353393.2896509082,4,3,10,0
2025-10-04,0.0,0.0,0.0,2962908.0,10511800.0,7548892.0,-1070890.0,5887000.0,6957890.0,946250.0,8829000.0,7882750.0,0.0,0.0,0.0,404894.71428571426,1270072.7581844449,88102.3,1458218.7147260378,5,4,10,1
2025-10-05,0.0,0.0,0.0,0.0,0.0,0.0,2962908.0,10511800.0,7548892.0,-1070890.0,5887000.0,6957890.0,0.0,0.0,0.0,404894.71428571426,1270072.7581844449,48120.46666666667,1443061.3240118674,6,5,10,1
2025-10-06,7060000.0,9198000.0,-2138000.0,0.0,0.0,0.0,0.0,0.0,0.0,2962908.0,10511800.0,7548892.0,-52305.0,8544100.0,8596405.0,404894.71428571426,1270072.7581844449,48120.46666666667,1443061.3240118674,0,6,10,0
2025-10-07,7854000.0,8723100.0,-869100.0,-2138000.0,7060000.0,9198000.0,0.0,0.0,0.0,0.0,0.0,0.0,48300.0,9760750.0,9712450.0,106938.28571428571,1597620.3440535893,-23146.2,1497294.0252455077,1,7,10,0
2025-10-08,5274000.0,4972900.0,301100.0,-869100.0,7854000.0,8723100.0,-2138000.0,7060000.0,9198000.0,0.0,0.0,0.0,946250.0,8829000.0,7882750.0,-24118.85714285714,1640290.8810215583,-52116.2,1505217.5556033703,2,8,10,0
2025-10-09,9341000.0,9346886.0,-5886.0,301100.0,5274000.0,4972900.0,-869100.0,7854000.0,8723100.0,-2138000.0,7060000.0,9198000.0,-1070890.0,5887000.0,6957890.0,-116283.14285714286,1594156.8745147008,6251.466666666666,1482930.3647044257,3,9,10,0
2025-10-10,10368800.0,7913650.0,2455150.0,-5886.0,9341000.0,9346886.0,301100.0,5274000.0,4972900.0,-869100.0,7854000.0,8723100.0,2962908.0,10511800.0,7548892.0,35860.28571428572,1537687.482380574,-83.83333333333333,1482549.9781725141,4,10,10,0
2025-10-11,0.0,0.0,0.0,2455150.0,10368800.0,7913650.0,-5886.0,9341000.0,9346886.0,301100.0,5274000.0,4972900.0,0.0,0.0,0.0,-36676.57142857143,1380544.578011019,69004.03333333334,1547849.194853577,5,11,10,1
2025-10-12,0.0,0.0,0.0,0.0,0.0,0.0,2455150.0,10368800.0,7913650.0,-5886.0,9341000.0,9346886.0,0.0,0.0,0.0,-36676.57142857143,1380544.578011019,50509.1,1545156.3037792835,6,12,10,1
2025-10-13,6088500.0,8981500.0,-2893000.0,0.0,0.0,0.0,0.0,0.0,0.0,2455150.0,10368800.0,7913650.0,-2138000.0,7060000.0,9198000.0,-36676.57142857143,1380544.578011019,39214.166666666664,1544214.0805725395,0,13,10,0
2025-10-14,17851500.0,16928926.0,922574.0,-2893000.0,6088500.0,8981500.0,0.0,0.0,0.0,0.0,0.0,0.0,-869100.0,7854000.0,8723100.0,-144533.7142857143,1586243.5303539957,-57219.166666666664,1634442.6151835828,1,14,10,0
2025-10-15,6147500.0,4666514.0,1480986.0,922574.0,17851500.0,16928926.0,-2893000.0,6088500.0,8981500.0,0.0,0.0,0.0,301100.0,5274000.0,4972900.0,111419.71428571429,1594372.8492133121,-26466.7,1644206.4053428837,2,15,10,0
2025-10-16,5661600.0,6651400.0,-989800.0,1480986.0,6147500.0,4666514.0,922574.0,17851500.0,16928926.0,-2893000.0,6088500.0,8981500.0,-5886.0,9341000.0,9346886.0,279974.85714285716,1677945.4719359865,49522.833333333336,1659890.5603264861,3,16,10,0
2025-10-17,4852000.0,5163800.0,-311800.0,-989800.0,5661600.0,6651400.0,1480986.0,6147500.0,4666514.0,922574.0,17851500.0,16928926.0,2455150.0,10368800.0,7913650.0,139415.7142857143,1745724.2857165546,24442.833333333332,1670028.5000992452,4,17,10,0
2025-10-18,0.0,0.0,0.0,-311800.0,4852000.0,5163800.0,-989800.0,5661600.0,6651400.0,1480986.0,6147500.0,4666514.0,0.0,0.0,0.0,-255862.85714285713,1416131.7020917034,25321.866666666665,1669837.9831900646,5,18,10,1
2025-10-19,0.0,0.0,0.0,0.0,0.0,0.0,-311800.0,4852000.0,5163800.0,-989800.0,5661600.0,6651400.0,0.0,0.0,0.0,-255862.85714285713,1416131.7020917034,-99809.63333333333,1514193.5576491454,6,19,10,1
2025-10-20,9986900.0,10039682.0,-52782.0,0.0,0.0,0.0,0.0,0.0,0.0,-311800.0,4852000.0,5163800.0,-2893000.0,6088500.0,8981500.0,-255862.85714285713,1416131.7020917034,37223.7,1311062.369208617,0,20,10,0
2025-10-21,5897000.0,6551511.0,-654511.0,-52782.0,9986900.0,10039682.0,0.0,0.0,0.0,0.0,0.0,0.0,922574.0,17851500.0,16928926.0,149882.57142857142,813113.1574253913,35464.3,1311149.4575402208,1,21,10,0
2025-10-22,5045000.0,5325890.0,-280890.0,-654511.0,5897000.0,6551511.0,-52782.0,9986900.0,10039682.0,0.0,0.0,0.0,1480986.0,6147500.0,4666514.0,-75415.28571428571,781195.7867702399,13647.266666666666,1317191.4061151426,2,22,10,0
2025-10-23,10574300.0,7768500.0,2805800.0,-280890.0,5045000.0,5325890.0,-654511.0,5897000.0,6551511.0,-52782.0,9986900.0,10039682.0,-989800.0,5661600.0,6651400.0,-327111.85714285716,373715.1078831902,-90812.56666666667,1203626.9159578148,3,23,10,0
2025-10-24,27385600.0,29481090.0,-2095490.0,2805800.0,10574300.0,7768500.0,-280890.0,5045000.0,5325890.0,-654511.0,5897000.0,6551511.0,-311800.0,4852000.0,5163800.0,215116.7142857143,1165895.6682446226,83462.43333333333,1232540.0294797104,4,24,10,0
2025-10-25,0.0,0.0,0.0,-2095490.0,27385600.0,29481090.0,2805800.0,10574300.0,7768500.0,-280890.0,5045000.0,5325890.0,0.0,0.0,0.0,-39696.142857142855,1458459.8768644542,7450.466666666666,1294813.3755353957,5,25,10,1
2025-10-26,0.0,0.0,0.0,0.0,0.0,0.0,-2095490.0,27385600.0,29481090.0,2805800.0,10574300.0,7768500.0,0.0,0.0,0.0,-39696.142857142855,1458459.8768644542,-11896.2,1290285.509474937,6,26,10,1
2025-10-27,39674500.0,8344700.0,31329800.0,0.0,0.0,0.0,0.0,0.0,0.0,-2095490.0,27385600.0,29481090.0,-52782.0,9986900.0,10039682.0,-39696.142857142855,1458459.8768644542,16953.8,1280177.7433173629,0,27,10,0
2025-10-28,5527000.0,12827800.0,-7300800.0,31329800.0,39674500.0,8344700.0,0.0,0.0,0.0,0.0,0.0,0.0,-654511.0,5897000.0,6551511.0,4443529.857142857,11945100.395295141,1061280.4666666666,5858393.0381451985,1,28,10,0
